content,publish_time,level
经核实吧主c13340075530 未通过普通吧主考核。违反《百度贴吧吧主制度》第八章规定http://tieba.baidu.com/tb/system.html#cnt08 ，无法在建设 kimi吧 内容上、言论导向上发挥应有的模范带头作用。故撤销其吧主管理权限。百度贴吧管理组,1楼,1
大家也看看呗这个GPT站怎么样?欢迎品鉴【chatgpt吧】_百度贴吧来自：tieba.baidu.com/p/9578596807?pid=151828915338&cid=0,1楼,1
欢迎进qq群370729635，免费领取各种AI教程与使用技巧--------------------------------《DeepSeek赋能职场.pdf》链接: https://pan.baidu.com/s/1bX4pnB_ODvGoYKd5rAfDTw 提取码: grnk--------------------------------《chatgpt使用教程.pdf》链接: https://pan.baidu.com/s/1crf_dNgFu8ifDkxpivor5w 提取码: 74iq--------------------------------《DeepSeek指导手册(24页)》.pdf链接: https://pan.baidu.com/s/1fbG6wp7-bT6dJWzfIsLn4g 提取码: nwp5--------------------------------清华大学104页《DeepSeek：从入门到精通》.pdf链接: https://pan.baidu.com/s/1Q4wWxdQXp_ZTHpiEKOxo5Q,1楼,1
无限制词畅聊——想聊就聊，情感陪伴无拘束，每个增值服务100金币，单栏位永久开启记忆、双倍模板、四倍模板、个性音声等功能，即使不续费也永久保留！删除栏位后重新添加，已开启的永久功能依然在，灵活管理不浪费。多角色互动，陪你聊天、学习、娱乐，打造专属AI社交圈!50金币增加基础栏位，轻松搭建多场景对话，满足你的所有需求!邮箱注册，注册可以免费对话些字数，新用户有10金币/7.3元三天的体验服务，体验满意再包月畅聊!里面的模型种类丰富，各有特色可切换尝试不同的风格P/M模型较老回复中规中矩，但胜在回复字数多，N/D回复细腻，描写篇幅长，但有道德警告，不过可规避，按照自己的喜好选择，R模型喜欢回避适合拉扯虐恋，大部分人不推荐，但R还是蛮有灵性，L/I很拟人，回复短经常不能很好的固定UI，但灵性足百无禁忌，大家体验满意再付费，切忌冲动消费。AI发展之路漫漫长，希望日后能够真正拥有长久的记忆给人带来更好的陪伴吧 !,来自Android客户端,1
FLAI - The AI dreams of you | Share Link: https://www.flaiapp.com/s/bbc817,来自Android客户端,1
FLAI - The AI dreams of you | Share Link: https://www.flaiapp.com/s/bbc817,来自Android客户端,1
chatgpt指令大全.pdf链接: https://pan.baidu.com/s/1w11EiYG7dqpek2RTBGFNdw提取码: 4irq--------------------------DeepSeek指导手册(24页).pdf链接: https://pan.baidu.com/s/1l_7_pt9NLFbenpRV6Cnvcw提取码: egrv--------------------------清华大学104页《DeepSeek：从入门到精通》.pdf链接: https://pan.baidu.com/s/1gCca2_hQ8RaWGKmu11D3rA提取码: iife,1楼,1
内容创作遇到瓶颈？解决内容创作难题的得力助手提高创作效率，让作品更加专业。通过掌握有效的指令和技巧，结合个人的见解和创意，创作出精彩的作品。下载链接：https://pan.quark.cn/s/e92a0f657132,1楼,1
kimi跟gpt和ds比，还是明显差一大截,来自Android客户端,1
八重波奇,来自Android客户端,1
你发一条，找农业相关的公司链接，他会显示已阅读xx个网页，点击一下就可以了,来自iPhone客户端,1
感谢，有效。,2024-12-5 8:52,2
聊得越长他越蠢，吧友们是怎么解决这个问题的呢？,来自Android客户端,1
可能是拟人化思考导致的,来自Android客户端,1
相信大家一定对ai聊天有所耳闻，也相信大家对无限制ai聊天会感兴趣，今天就来给大家推荐一个我觉得目前来说相当不错的ai无限制网站，模型众多，既有高性价比便宜的渠道，又有高水准的渠道，最高记忆开几千条都不是问题！Gemini2，cld3.7，cld3.5，grok3，deepseek，应有尽有，其中有的渠道的gork3的价格系数甚至是0.01！当然，最重要的一点，站内卡的破甲相当成熟，卡的质量也很高，根本不用担心玩不了，而且写卡系统也相当成熟，站内论坛还有一系列大佬发布的全套教程！根本不用担心不会写，不会玩的问题！而且，这网站还有常驻的抽奖活动！也是相当有良心了，逢年过节还会办各种活动，写卡也有月度活动奖励！这里就不放例文了，怕太色了被ban掉呢，但可以像大家保证真的很好用，文风好，智商高！链接就放在评论区一楼呢，请大伙自取！！,来自Android客户端,1
别发网址,来自Android客户端,1
要资源私楼主就行了，网址被删,来自Android客户端,1
最新数据，Kimi网页、APP、小程序全端DAU（日活）已突破300万，超过文心一言和通义千问，成为国内AI大模型榜一大哥。可见大家对其的认可，其核心能力“长文本处理”为大家所知，所用。今天，除了大家所知的“基操”外，我们来分享一些发现的新玩法。,来自Android客户端,1
一，出试题适用场景：教育机构、老师、人力资源岗以及热爱学习的人士，可将知识数据源投喂给kimi，然后让它帮忙出模拟试题，并附上答案和解析。,来自Android客户端,1
二，当考官Kimi可以出题，那有没有可能当考官呢？接下来，我们上点难度。,来自Android客户端,1
三，做科普适用场景：热爱学习的所有人。特别是对科技和技术感兴趣的人，kimi可以帮助我们降低理解门槛，科普专业知识。关键Prompt：用xx生都能听懂的语言解释XXX。,来自Android客户端,1
四，分享对话细心的朋友可能会发现，每次我都给出了对话全过程的链接。这是kimi的一个隐藏功能，点击回答下方的浮窗文字「分享」，可以进入分享功能页。,来自Android客户端,1
包能的,来自iPhone客户端,1
应该不会只有我一个人才知道长按一张图就可以和相册一样选择多张图片吧,来自Android客户端,1
应该不会吧,来自Android客户端,1
虽然但是期末如果想卷的话还是选择去群里或者学习通找PPT吧，ai有时会挺乱的，把我没学过的方法都拉出来了，等会儿老师扣大分,来自Android客户端,1
我去码了,来自Android客户端,1
？，没打码啊？去啥码啊？,2025-1-9 20:45,2
我去 码了🌚,2025-4-8 23:40,2
我是**我不懂，不好意思哥们,2025-4-9 1:34,2
什么情况,来自Android客户端,1
被网上的内容污染了,来自Android客户端,1
感觉还挺不错的,来自Android客户端,1
vscode的Cline和Continue区别大吗？还是cline全面碾压？,1楼,1
聊天无限制，模型多，也比较聪明，包月制度的，一分价钱一分货。,来自Android客户端,1
下载完ppt找不到,来自Android客户端,1
有一位88岁高龄老人，2013年起患脑梗死，长期药物维持，2015年双眼发生病变，只能看见微弱的光，近乎双目失明.双腿肌肉萎缩不能站立，不能走路，长期卧床。且2017年脑梗死病情加重，2018年两次因脑梗死病发作两次进医院抢救，已经意识不清，脑子糊涂。而且医生诊断证明为脑梗死，反应迟钝。88岁高龄老人双目失明，已经没有行动自己盖章和安手印人，除非是有人替代。~ 请问像这样的高龄老人在脑梗死抢救后做遗产继承公证，是不是一定要做司法鉴定？能不能绕开司法鉴定直接做公证？|请问像这样的高龄老人在脑梗死抢救后做遗产继承公证，是不是一定要做司法鉴定？能不能绕开司法鉴定直接做公证？如果当时没有做司法鉴定（证明意识清晰），而直接做了公证，将来会不会有问题？如果想推翻这样的遗产公证，就需要公证处保存的公证录像，公证处以机密文件为由拒不提供，能有什么办法取得录像吗？（附件图片是2017年2018年脑梗死入院、反应迟钝的医院证明，2019年3月没有司法鉴定的公证书、公证前后几天脑梗死的配药证明）******************************                             诉冤书和上海XX公证处的官司打完了，法庭上看了当时88岁老人在做公证时的录像（现老人已去世），录像中有很多疑点和存在的错误：一.老人在公证处整个人是懵的，不知道自己身在何处，而且从头到尾没有说出“我今天到公证处来是做遗产继承公证的”。二.按照公证法和公证程序规则，高龄老人做遗产公证，要提供一年的病史记录，还要医院开具三个月“神清”证明。本人凭身份证去公证处登记预约，对方没有提供这方面的材料证据。三.在公证过程中，公证员二次报错老人的出生日期的错误。四.按照公正的法规法则，对去做遗产遗嘱公证的高龄老人，要单独录音录像，在做遗产公证录像过程中，受益人在公证处的人员陪同下，全程在场。五.2019年3月4日去公证处做遗产公证，2019年3月6日公证书就出来了，只用了3天时间。六.公正录像到一半，老人出现了狂躁的情绪，做出脱帽戴帽的动作，还出现了短暂的晕厥。七.老人在录像中，在公证员的诱导下说了句，“我的财产给小儿子”，过了一会又说了句“我的房子给他，他会不会把我赶出去”？说明了老人不是自愿去做遗产公证的……。八.公证结束，公证处的公证员强行拉起老人的手，强迫他按下十个手印（老人双目失明）。九.老人有轻度的老年痴呆症，自己的出生日期都不记得了。老人是长期独居的，平时是钟点工在照顾他，女儿会不定期的去照顾老人。因为我是个小老百姓，跟上海某某公证处的社会地位悬殊，所以一审，二审的官司都输了。,1楼,1
5分钟了一直循环输出一样的内容，幻想自己一遍遍查询,来自Android客户端,1
看看我的,来自Android客户端,1
在当今快节奏的工作和学习环境中，制作一份专业且吸引人的PPT常常需要耗费大量时间和精力。然而，随着人工智能技术的飞速发展，我们迎来了全新的解决方案——通过DeepSeek的强大语言生成能力与Kimi直观的视觉设计工具相结合，您可以在短短一分钟内完成从内容构思到精美排版的全过程。接下来，我们将分步骤详解操作流程，确保每位用户都能轻松上手，实现“一分钟搞定PPT”的目标！DeepSeek提供思路逻辑大纲指令模板：“我需要做一个关于【主题】的PPT，面向【客户/领导/学生】，希望突出【核心内容】，要求内容专业且适合演讲场景，请生成大纲及内容框架，请将内容转换为Markdown的格式（记得勾选深度思考）导入Kimi结构化处理复制DeepSeek生成的Markdown脚本，打开Kimi PPT助手，粘贴相应的内容一键生成PPT并美化点击”一键生成“，手动选择主题颜色，然后可以自行修改内容与大纲，最后保存到本地。更多教程内容可以点击：https://www.faxianai.com/prompt/deepseek,1楼,1
求助，不知道怎么搞,来自Android客户端,1
222,6楼,1
他会跟我的立场摇摆而摇摆。我提出一个论点，他说对然后论证，然后我说错，他又改口错论证，我又说错，他又改口。墙头草,来自Android客户端,1
首先请看图一质量（就这个质量，我感觉应该没有软件能够超过吧，尤其是国内的…还完全没有🧣词！）（图2是我自己写的酒馆教程，进入免费拿哦）现在ai聊天众多，很多人都不知道酒馆是什么，它是最为强大的 ai聊天软件没有之一！虽然比较复杂，但是一旦玩会你就会发现其他所有的ai聊天软件都不咋地（有点引战我承认，但是玩会了真的和我说的一样！）我们大佬看情况免费远程搭建酒馆！我们还拥有最便宜的api连接，10块钱300条，注意！是次数！不是额度！包括克劳德的opu！且我们的api大佬每天在群里发福利！（现在opu的价格大家懂的都懂。）而且！我们和另一个云酒馆进行了联动，不需要部署！不需要🪜！无偿免费！！打开即玩！直接瑟瑟就完事了！群内大佬众多，教程攻略众多，不会直接问！（8个角色卡网站，几十万个角色卡玩到起飞!）欢迎来群内交流经验哦！需要请直接si，谢谢！（请注意，有可能吞私信！我回复之后务必看私信！,来自iPhone客户端,1
你好！有群嘛，纯萌新啥也不懂，想玩没有限制的ai文字rpg，愿意花钱！,来自Android客户端,1
酒馆啊，我之前不是发给你了吗,2024-12-16 23:33,2
你嘴巴放干净点，你再看看吧简介,来自Android客户端,1
赛车手哇哩哇啦？谁呀没听说过,来自Android客户端,1
都2008的老帖子才有消息，一个死吧拿来废物利用也好,来自Android客户端,1
1. 可自由设定AI的性格、外貌、声线及聊天背景，甚至支持动态背景和多人设模板，打造专属虚拟伙伴，满足情感陪伴、学习助手等多场景需求。2.采用新型模型，官方透露最近要加入ds模型，确保对话流畅自然，支持多情景剧本，AI能根据聊天内容学习优化回复质量，减少逻辑错乱问题。3. 提供单聊、双AI群聊及多倍人设模式，用户可同时与多个AI互动，增强代入感和趣味性；支持聊天记录存档与编辑，便于回溯或调整对话方向。4.内置“梦境模式”模板墙，可以免费使用他人创作的剧情模板（如恋爱、校园主题），亦可自定义复杂故事线，结合AI的永久记忆功能，实现长期连贯的互动体验。此外，还持续更新优化功能（如近期新增性别向主题故事），逢年过节还送福利,来自iPhone客户端,1
FLAI - The AI dreams of you | Share Link: https://www.flaiapp.com/s/be1cbf,来自iPhone客户端,1
可以在硅基流动网站使用deep seek R1模型，使用我的邀请码，可以获得14元，2000万Tokens的平台配额，够你用上千条长回复了，邀请码：BP4e1q9q，网站链接：https://cloud.siliconflow.cn/i/BP4e1q9q,1楼,1
让kimi计算   从2016年11月7日到2025年2月23日 一共多少天回答：• 从2025年1月1日到2025年2月23日是53天。• 从2024年1月1日到2025年1月1日是366天（2024年是闰年）。• 从2023年1月1日到2024年1月1日是365天。• 从2022年1月1日到2023年1月1日是365天。• 从2021年1月1日到2022年1月1日是365天。• 从2020年1月1日到2021年1月1日是366天（2020年是闰年）。• 从2019年1月1日到2020年1月1日是365天。• 从2018年1月1日到2019年1月1日是365天。• 从2017年1月1日到2018年1月1日是365天。• 从2016年11月7日到2017年1月1日是55天。将这些天数相加得到总天数：\[53+366+365+365+365+366+365+365+365+55=3250\]所以，从2016年11月7日到2025年2月23日一共是3250天。,1楼,1
而实际呢，把式子放搜索引擎里计算，结果是： 3030问题出在哪里？,2楼,1
直接把式子给kimi，结果错的更多让我们一步步计算：• \(53+366=419\)• \(419+365=784\)• \(784+365=1149\)• \(1149+365=1514\)• \(1514+365=1879\)• \(1879+366=2245\)• \(2245+365=2610\)• \(2610+365=2975\)• \(2975+365=3340\)• \(3340+55=3395\)所以，总天数是\(\boxed{3395}\)。,3楼,1
用   53+366+365+365+365+366+365+365+365+55 等于多少 提问发现计算过程中，多加了一个 365 ，得到错误答案3395,4楼,1
笑死，让重新计算，还是出错,5楼,1
抱歉刚才的计算确实有误，让我重新计算一次：从2016年11月7日到2025年2月23日的天数计算如下：• 2016年11月7日到2017年1月1日：55天• 2017年全年：365天• 2018年全年：365天• 2019年全年：365天• 2020年全年（闰年）：366天• 2021年全年：365天• 2022年全年：365天• 2023年全年：365天• 2024年全年（闰年）：366天• 2025年1月1日到2月23日：53天将这些天数相加：\[55+365+365+365+366+365+365+365+366+53=3200\]所以，从2016年11月7日到2025年2月23日的总天数是3200天。,6楼,1
一、Kimi 的特性多语言对话：Kimi 能够进行流畅的中英文对话，理解并回应复杂的问题。它采用口语化语言风格，让用户感觉像与一个可靠的伙伴交流。,来自Android客户端,1
长文本处理：Kimi 具备强大的长文本处理能力，能够支持最多 20 万字的输入和输出，这使得它在处理长篇幅的写作、翻译或分析任务时表现出色，无论是长篇文档的编辑还是复杂信息的整合，Kimi 都能轻松应对。,来自Android客户端,1
文件处理：Kimi 的文件处理功能涵盖了多种常见文档格式，包括TXT、PDF、Word文档、PPT幻灯片和Excel电子表格等。用户可以将这些文件发送给Kimi，Kimi 会阅读文件内容后提供相关的回答或服务，只要文件的总字数不超过 20 万字。,来自Android客户端,1
Kimi+智能体：Kimi+ 是 Kimi 的一个高级功能，允许用户根据特定需求自定义 Kimi 模型。例如，用户可以通过输入“@”符号来召唤特定的 Kimi+智能体，如@翻译通，以获得更加专业和个性化的服务体验。,来自Android客户端,1
联网搜索：Kimi 的联网搜索能力使其能够结合最新的搜索结果来回答问题，这不仅增强了回答的准确性，也确保了信息的时效性和相关性。Kimi 会分析和比较不同信息源，选择最正确的信息来满足用户的需求。,来自Android客户端,1
众所周知Kimi是最棒的产品，那么你的用法是什么呢,来自iPhone客户端,1
成语接龙，英汉互译,来自Android客户端,1
有人有好听的Kimi声音吗，求,来自Android客户端,1
在当今快速发展的科技时代，Kimi作为一款备受欢迎的智能助手，逐渐融入了我们的生活。无论是在工作、学习还是日常生活中，Kimi都能提供便捷的服务和帮助。那么，如何充分利用Kimi的各种功能，让它真正成为我们的得力助手呢？下面，小编将为大家分享一些Kimi的使用技巧，帮助你更加高效地利用这款智能工具。,来自Android客户端,1
首先，了解Kimi的基本功能是使用它的第一步。Kimi不仅能够进行语音识别、智能回答，还能帮助用户进行日程管理、信息查询等。在日常使用中，建议大家通过语音或文字的方式直接与Kimi交流。比如，你可以用语音输入“帮我查一下明天的天气”，Kimi会迅速给出相关信息。这种语音交互的方式，不仅方便快捷，还能让你解放双手，提升效率。,来自Android客户端,1
其次，Kimi的个性化设置功能值得充分利用。用户可以根据自己的需求，调整Kimi的语音、提醒和主题等设置。例如，在工作时，你可以将Kimi设置为安静模式，避免不必要的打扰，而在休闲时，可以选择活泼的语音风格，增添互动的趣味。个性化的设置不仅能提升使用体验，还能让你在使用中感受到Kimi的贴心。,来自Android客户端,1
接下来，Kimi的日程管理功能是一个非常实用的功能。你可以通过Kimi设置日程提醒，帮助自己合理安排时间。例如，在每周一的早晨，你可以告诉Kimi：“帮我设置每周一上午九点的会议提醒。”Kimi会自动记下这个安排，并在指定的时间提醒你。这对于忙碌的上班族来说，无疑是一个很大的便利。,来自Android客户端,1
此外，Kimi还可以成为你学习上的好帮手。对于学生而言，利用Kimi进行知识查询是非常方便的。当你在学习中遇到不懂的问题时，只需向Kimi提问，比如“告诉我牛顿的三大定律”，Kimi会立即提供相关的知识点。这样一来，你在学习过程中就能更加高效，不必花费大量时间去寻找资料。,来自Android客户端,1
在使用Kimi的过程中，善用其智能推荐功能也是提高效率的一个好方法。Kimi可以根据你的使用习惯和喜好，推荐一些相关的信息和服务。例如，如果你经常查询天气，Kimi可能会在早晨主动提醒你天气情况，甚至推荐适合的穿衣搭配。这种主动的服务不仅能节省你的时间，还能让你感受到Kimi的智能化和人性化。,来自Android客户端,1
最后，维护和更新Kimi的软件版本也是保证其高效使用的重要一环。随着科技的不断发展，Kimi也在不断更新迭代，推出新功能和改进。如果你希望Kimi能够提供更好的服务，定期检查并更新软件是非常必要的。更新后，你会发现Kimi的性能更佳，功能更丰富。,来自Android客户端,1
总之，Kimi是一款非常智能且实用的助手，通过以上提到的使用技巧，大家可以更加高效地利用这款工具。无论是工作、学习还是生活，Kimi都能成为你的得力助手，帮助你提升效率、节省时间。希望大家能够充分发掘Kimi的潜力，让它在你的日常生活中发挥更大的作用。只要善用这些技巧，相信Kimi一定能帮助你事半功倍！,来自Android客户端,1
就一大学物理c的题，怎么做都做不对，提醒后直接卡死,来自Android客户端,1
这个能在手机上语音唤醒吗,1楼,1
将网页链接交给Kimi，它不仅能阅读和翻译网页内容，还能智能总结，提炼核心信息，节省阅读时间，提高信息获取效率。友情提示：Kimi只能处理首次对话中发送的网址。,来自iPhone客户端,1
Kimi能够处理高达20万字的文本和50个100M大小的文件，迅速分析和整理长篇报告或大量数据，为用户提供清晰、直观的结果。对于200万字的超长文本，Kimi也在内测中，以满足特定用户的需求。,来自iPhone客户端,1
个性化搜索引擎告别传统搜索引擎的繁琐和广告，Kimi的搜索引擎功能可以进行个性化搜索，快速定位所需信息，并智能筛选、总结搜索结果，附带资料来源网页，方便用户直接查看。,来自iPhone客户端,1
比大小都能算错这一定是人工智能故意的，来考验我的观察能力，培养我的批判精神，从而让我不过度依赖于人工智能。kimi真的太好了,来自Android客户端,1
乱码是怎么回事,来自iPhone客户端,1
你多等一会儿或者让他把这个重新再发一次。,来自Android客户端,1
一个仅成立一年的创业公司，一群顶着名校光环的90后，做出了一款效果出众的大模型产品，让整个AI圈震动。自从妙鸭相机短暂出圈后，国内的大模型行业，已经很久没出现爆款产品，Kimi填补了这一空白。,来自Android客户端,1
最让人意外的是，A股股民也来凑热闹，各大炒股群讨论Kimi概念股，流量激增导致Kimi服务器宕机。如今一个多月过去了，虽然热度减退，但身边依然有人在讨论Kimi。,来自Android客户端,1
北京一所高校的在校大学生告诉记者，近期学校组织了学习会，安排老师学习Kimi，老师给学生布置作业，要求学习、训练Kimi。在网络上，时不时能看到有人推荐Kimi，这其中有一些可能是定向投放的广告推文，但也不乏一些自来水。Kimi带给人们的一个认知冲击是，AI发展太快了，创业公司也可以在短时间内做出让人眼前一亮的产品，相比之下，那些号称做了十几年、砸下千亿资金的科技大厂，不过如此。Kimi抢走了科技大厂的风头，未来还可能抢走他们的用户。问题是，火爆能持续吗？,来自Android客户端,1
谁在用Kimi？Kimi是一个面向C端用户的智能助手，善于读长文、搜网页，主打功能包括整理资料、解读文件、辅助编程、文案写作等，被网友称为ChatGPT中文平替。因为有ChatGPT在前边教育市场，还有文心一言、通义千问、讯飞星火等大厂推出的产品相互内卷，Kimi提供的这些功能，其实很多人之前或多或少了解过。但对比之下，像Kimi一样让很多人自发使用，不只是厂商自吹自擂，还能让2亿A股股民狂欢的国产大模型产品，此前没有过。Kimi呈现给用户的东西很简单：一个像百度搜索一样的搜索框，“文件，拖进来；网址，发出来”，然后用户可以直接针对发给它的文件或网址提问，让它帮忙总结归纳、分析数据、全网搜索。,来自Android客户端,1
最大的亮点是它支持超长文本输入，一开始是20万字，后来增加到200万字，而当时纵观全球范围内的大模型，没有一个能超过10万字的。这在用户体验上最大的变化是，你给大模型投喂资料，不用再把文件拆分成好几个了，直接丢进去就行，它都能很快读懂，还能“大海捞针”定位其中的信息，告诉你某个信息出现在哪一页。看到这，Kimi的用途很明确了——长文本阅读和分析概括，可以理解为AI搜索+文档总结。它是一个生产力工具，帮助我们处理信息，偏实用导向，不是用来吟诗作画、聊天娱乐的。这个定位，决定了Kimi的使用者主要是打工人。Kimi官方介绍文档中提到了六类人群：学术科研人员、互联网从业者、程序员、自媒体与内容创作者、金融和咨询分析师、法律从业人员。他们有个共性：要处理大量文档信息。,来自Android客户端,1
Kimi做对了什么？月之暗面不是国内最早那批做大模型的公司，在它之前，百度的文心一言作为ChatGPT之后第一个亮相的国产大模型，被认为最接近ChatGPT。此外，阿里的通义千问、科大讯飞的讯飞星火、智谱GLM，都已迭代了好几轮。但除了厂商们的主动发声，国内一直没有出现C端用户真正认可、愿意自发为之宣传的产品。一大乱象是卷参数、刷榜单。几乎每家在发布产品时，都要把GPT拉出来对比一波，找到几个指标把GPT超越——比如，中文能力。GPT成了靶子，被国产大模型轮番吊打。但业内人都知道，论综合能力，国内没有一个大模型能超越GPT4。,来自Android客户端,1
“刷榜”是大模型行业公开的秘密。国产大模型乐于刷榜，经常在各种榜单上排名第一。但多位做榜单测评的业内人士告诉记者，大部分排名没有太大参考意义，跟“刷题”一样，不代表真实能力。普通用户感到很迷惑，“你说你很强，榜单上有你，媒体推荐你，博主夸赞你，我就信了你，但用完之后，一言难尽……”一位试用过多款国产大模型的用户说。国内做大模型的公司很有意思，有些是为了拉股价，有些是蹭热点，还有的就是想圈钱，动机很不单纯。稍微好点的，是为了赶超对标OpenAI，是为了要赢。即便是把长期主义挂在嘴边的大厂，很多也是为了打赢对手，而不是想着怎么满足用户需求。最典型的是阿里和360。Kimi宣布支持200万字超长无损上下文之后，因流量激增服务器崩溃上了热搜。然后第二天，阿里通义千问宣布免费开放1000万字长文档处理功能，号称“全球文档处理容量第一”，紧接着360 AI浏览器宣布内测500万字长文本处理功能。好吧，大厂又“赢”了，他们又“第一”了。,来自Android客户端,1
kimi会取代chatgpt吗？大家觉得,来自Android客户端,1
kimi怎么盈利的,来自iPhone客户端,1
#NAME?,1楼,1
gpt plus仅需58元/月，,来自Android客户端,1
之前下在电脑上下载了kimi，今天想把它卸载掉，等程序开始后就在那里等，过了好长时间后等它卸载完成后，发现我下载的应用都没了，都被卸载了，DD盘基本上被清空了都,来自Android客户端,1
为啥啊，我的也是,来自Android客户端,1
直接用网页版不就行了,来自Android客户端,1
这个问题文心一言也是答非所问,来自Android客户端,1
综合比较下，kimi还是相对要好的。,来自iPhone客户端,1
豆包要好点的,来自iPhone客户端,1
我嘞个帝骑，画风太奇怪了,来自Android客户端,1
第二次直接踢寄了,来自Android客户端,1
我嘞个时王,来自Android客户端,1
账号状态异常、服务器内部错误、收到验证码了但显示验证码错误是怎么回事？,来自Android客户端,1
申请人：@白柏不白申请感言：尊敬的百度审核员，您好！喜欢贴吧平台，为大家提供了这么好的交流平台。很开心可以在这里跟大家良好的交流沟通，希望可以成为吧主，我们努力管理好我们的“地盘”。,1楼,1
请去kimi人工助手吧，这里是kimiraikkonen吧,来自Android客户端,1
亲爱的kimi吧的吧友们：大家好！@白柏不白 为本吧吧主候选人得票最多者，共计0张真实票数，根据竞选规则，官方最终批准其成为本吧正式吧主。公示期三天。吧主上任后，请立即填写问卷信息https://iwenjuan.baidu.com/?code=nlec1g，领取各项吧主权益。同时请严格遵守吧主协议 https://tieba.baidu.com/mo/q/newapply/rule?from=task，履行吧主义务，积极投身本吧的发展建设，也请广大吧友进行监督。如出现违规问题，请至贴吧反馈中心进行反馈或者投诉http://tieba.baidu.com/pmc/reportBazhu,1楼,1
一年前的11月16日，Kimi全面开放，随后凭借“长文本”功能迅速占领市场，成为中国首个因技术创新而广受欢迎的AI应用。如今，Kimi迎来了技术的重大升级。,来自Android客户端,1
11月16日，在Kimi正式上线一周年之际，月之暗面发布了最新数学模型k0-math，在多项基准能力测试中，k0-math的数学能力已经可以与全球领先的OpenAI o1-mini和o1-preview模型相媲美，甚至在中考、高考、考研以及入门竞赛题MATH等4个数学基准测试中超越了它们。,来自Android客户端,1
尤其值得一提的是，在业界最常使用的数学能力基准测试MATH中，k0-math模型得分93.8，超过o1-mini的90分和o1-preview的85.5分。k0-math这一成绩在全球仅次于暂未开放使用的o1完全版94.8分。,来自Android客户端,1
这是Kimi推出的首款推理能力强化模型，k0-math采用了强化学习和思维链推理技术，这也是Open AI o1系列背后的关键技术。,来自Android客户端,1
官方演示显示，k0-math通过模拟人脑的思考和反思过程，显著提升了解决数学难题的能力。即使在经历多次失败后，k0-math也能意识到之前使用了过于复杂的方法，并最终得出正确结果：,来自Android客户端,1
“训练这个模型的过程，最重要的是去看它的思路，是不是真正具备深度思考的能力，这一点非常重要。”月之暗面创始人杨植麟表示，对于一些非常难的竞赛题目，k0-math能够提供完整的思路，并在推导过程中不断给出新的思路，展现出强大的推理能力。,来自Android客户端,1
k0-math虽然已经展露出不俗的能力，但AI技术仍处于快速迭代中，它还有很大的提升空间。在两个难度更大的竞赛级别数学题库OMNI-MATH和AIME的基准测试中，k0-math初代模型的表现与最好的o1-mini相比尚有15%左右的差距。,来自Android客户端,1
杨植麟也指出，在一些过于简单的数学问题上，比如，1+1等于几，k0-math可能会过度思考，接下来的研究重点是让它有更好的泛化能力，能在更多场景中落地使用。,来自Android客户端,1
"作为国内最受瞩目的AI独角兽，月之暗面此时推出k0-math，不仅仅是一次常规技术发布，更代表了Kimi在技术范式上的一次重大迭代。“我们接下来会越来越关注基于强化学习（Reinforcement Learning, RL）的方法去‘Scale’。”杨植麟认为，Scaling是支撑AI技术过去几年发展的根本原因，但Scaling并不是简单地把模型做得更大就好，核心是找到有效方法。",来自Android客户端,1
这也会带来大量工作，比如，重新平衡好数据、算法和算力。杨植麟表示，以前做Next—Token Prediction，是静态数据，但对强化学习来讲，学习数据可能都是自己生成的，会对奖励模型效果提出挑战，同时还要把奖励模型用到学习过程中，减少学习错误。,来自Android客户端,1
好在杨植麟早已预见到，随着训练数据到达上限，推理的比例将远远超过训练，因为需要生成数据，就需要用到强化学习，这是必然会发生的事情。“Open AI o1的变化其实可以预测。”,来自Android客户端,1
为此，月之暗面在人才和技术上提前做了储备，这也为Kimi推出数学模型k0-math奠定了基础。今年9月，OpenAI发布首款具有推理能力的模型o1，只用2个月，k0-math就已问世，并即将上线，可见速度之快。,来自Android客户端,1
“长文本”让月之暗面一战成名，迈出登月第一步，如今，公司迈出以深度推理能力为标志的第二部。事实上，在云栖大会上，杨植麟就已表示，行业接下来最重要的里程碑是强化学习，新的Scaling范式会形成一些突破机会。,来自Android客户端,1
如今来看，新的强化学习技术范式带来的推理能力提升，也将应用到更多日常任务上，而能否让模型在广泛的场景里使用，这是衡量模型市场前景和商业价值的核心。,来自Android客户端,1
数据显示，Kimi探索版的搜索量是普通版的10倍，一次搜索可精读超过500个页面。在信息调研和分析场景的搜索问题测试中，Kimi探索版综合性能超过国内外同类产品至少30%。Kimi探索版在搜索过程中的推理能力显著提升，意图增强、信源分析和链式思考方面的能力显著提升，以链式思考为例，Kimi探索版可以更好地基于思维链推理能力处理产品、公司、行业等研究问题。尤其受到程序员、科学家、咨询顾问、投资人、律师等专业人群的欢迎。,来自Android客户端,1
过去一年多，月之暗面经历了飞速发展，无论是产品技术还是估值，都成为“AI六小虎”中发展势头最迅猛的公司之一。杨植麟透露，Kimi在10月月活跃用户已经超过3600万，并还在持续增长中。业内人士表示，Kimi在PC网页端是国内第一的AIGC生产力工具，手机端在国内目前仅次于继承了抖音娱乐基因的豆包，且头部优势愈发明显，不过，相较Open AI几亿量级的用户而言，Kimi还有很长一段路要走。,来自Android客户端,1
华尔街见闻获悉，月之暗面的多模态产品已经处于内测当中，预计很快会对外公布，叠加推理模型的推出，这些动作无疑会吸引更多用户。,来自Android客户端,1
在这场全球AI竞赛中，杨植麟要带领Kimi在一个裹挟着巨大希望和时刻被质疑的行业里，闯出一条通往AGI的漫漫长路，这场征程才刚刚开始。,来自Android客户端,1
我用kimi上传图片，然后在上传图片的时候使用了裁剪，然后我再第二次上传这张图片的时候为什么不是我的原图，而且我裁剪后的图片？我未裁剪之前的图片一直传不上去，传就是裁剪的图片,来自iPhone客户端,1
kimi,来自Android客户端,1
排第三啊,来自iPhone客户端,1
国内没有一个AI能打，而且还一大堆关键词限制,来自Android客户端,1
虽然我很讨厌它的广告，但相对而言kimi还是很简洁的，,来自Android客户端,1
国内ai落后得有个一两年,2024-12-7 18:09,2
技术落后也就算了，思想也落后，前几天不是韩国戒严么，我问智普清言怎么看，然后直接触发什么什么敏感信息，不给回答了，真的离谱,2024-12-9 7:13,2
这个确实不能说,2024-12-14 22:27,2
有什么意义？这年代还搞封闭隔离？,2024-12-15 8:23,2
ai一定程度上代表公司，公司是不能发布涉政言论的，特别是你问它主观想法，你问openai敏感政治问题也一样,2024-12-17 9:59,2
你用过微软的AI？别说什么政治了，特朗普它都敢骂,2024-12-17 14:08,2
你说openai的chatgpt？刚才试了一下，在涉政言论方面chatgpt相比豆包更加圆滑，豆包会直接说戒严不正确，chatgpt给我做了戒严的名词解释,2024-12-17 16:02,2
建议不要一昧的媚外，问chatgpt韩国过往的戒严是否正确，它也是只做客观分析不做评价，至少在部分言论自由方面西方做的没我们好,2024-12-17 16:05,2
不行就承认咯，这就叫媚外了？继续闭关锁国吧，对对对，都是世界一流,2024-12-17 21:33,2
好像是的,来自Android客户端,1
好像是的,来自Android客户端,1
崩了两次了,来自iPhone客户端,1
还真是,来自Android客户端,1
好了又,来自Android客户端,1
感觉不稳定,来自Android客户端,1
崩了🥲,来自Android客户端,1
时好时不好,来自Android客户端,1
一直崩啊，连不上,来自Android客户端,1
又崩了,1楼,1
这次发布的 Kimi 探索版，某些方面其实和 OpenAI o1 有点类似，那就是会解难题、懂思考了，但个人觉得，它和 o1 还是有不少差异的。其中最大的不同，便是在使用场景上。而这次Kimi，则选择了另外一条更实用、更接地气的道路，那就是把思考和拆解问题的劲儿，聚焦在是和咱们普通人更近的生产力场景上，尤其是大学生、上班族们常干的调研分析类任务。在体验了一番之后，我的评价是，如果 AI 也有 MBTI 的话：那它活脱脱就是一个思维和计划缜密&执行力强的 J 人。,来自iPhone客户端,1
用人工智能做高数太奇葩了，这个答案有理有据搞得和早点死的，害得我真信了，回过头来才发现不对,来自Android客户端,1
11月11日，据暗涌Waves报道，月之暗面创始人杨植麟、联合创始人兼CTO张宇韬，近日被循环智能投资人在香港提起仲裁，相关电子仲裁申请书也已递交香港国际仲裁中心。提起仲裁的理由是，杨植麟和张宇韬等人在获得5家投资方的同意豁免书之前，就已启动融资并创立月之暗面。,来自iPhone客户端,1
关闭键直接到屏幕外去了，设计的人真的是s妈,来自Android客户端,1
我用kimi+生成的文案为什么一键生成PPT的时候会报错，求大佬指点,来自Android客户端,1
ai 产品榜的最新数据显示，2024年4月Kimi智能助手网页版访问量达到2004万，较上月上涨60.2%，访问量已经超过文心一言，排在国内同类产品的第一位。你用过Kimi吗？什么感受？,来自iPhone客户端,1
根据 AI 产品榜 caicats统计，目前国内访问量前十的产品中，Kimi 在 4 月以 20.04M 的访问量、环比 60.20% 的增长排在第二，仅次于百度文库，访问量超越文心一言。,来自iPhone客户端,1
企业级模型推理 API，让您的程序拥有领先稳定的体验！Kimi API 从今年 2 月开始开放给企业和开发者使用。在此期间，很多企业有了规模化的落地，对稳定性和数据安全提出了更高的要求。本次发布的 Kimi 企业级 API 主要是在数据安全保障、并发速率限制和技术支持等方面，提供更高等级的标准，面向在规模化应用时对稳定性要求比较高的企业。,来自iPhone客户端,1
这四个AI的排序是这样吗？你们都用哪个？chatgpt全方位吊打国产ai？然后国产ai排名是kimi>通文千义>豆包？,来自Android客户端,1
还有poe和Claude啊,2楼,1
这就是kimi吗,来自Android客户端,1
KIMI真的好弱，2天体验过后直接宕机不说话了,1楼,1
国产能用就行，他主打是文件上传50个,来自iPhone客户端,1
阅读大型PDF文件很无聊。因此，让我们创建一个互动PDF仪表板，以便我能更好地阅读我的PDF文件。提示- 创建一个互动PDF仪表板，帮助我以更具视觉吸引力的方式查看、阅读和学习这些信息。它有一个标签，可以根据PDF中的信息进行测验。确保它具有暗模式,来自iPhone客户端,1
上传了 4 张图片,2楼,1
上传了 3 张图片,3楼,1
上传了 4 张图片,4楼,1
上传了 11 张图片,5楼,1
上传了 31 张图片,6楼,1
哎~刷图的心情都没有。。。,7楼,1
上传了 9 张图片,8楼,1
上传了 12 张图片,9楼,1
上传了 78 张图片,11楼,1
上传了 98 张图片,12楼,1
度娘抽了,来自手机贴吧,1
坐在地上的那三张还可以内~~~~,4楼,1
我喜欢这组卖车图,5楼,1
我喜欢靠在车上的那几张,10楼,1
上传了 55 张图片,2楼,1
上传了 18 张图片,3楼,1
有几张重复的是HD版本,4楼,1
上传了 75 张图片,5楼,1
上传了 42 张图片,6楼,1
上传了 84 张图片,7楼,1
上传了 13 张图片,8楼,1
2016赛季F1第17场比赛这个周末就将在日本铃鹿赛道举办。排位赛时间为周六下午14点，正赛开始时间为周日下午13点。铃鹿赛道单圈5.807公里，正赛53圈总里程307.471公里，正赛最快单圈纪录是Kimi在2005年创造的1:31.540。,来自Android客户端,1
顶一下。加油,来自Android客户端,1
排位赛加油,来自iPhone客户端,1
剪毛了。。。好想看看有多短。。。,2楼,1
上传了 38 张图片,5楼,1
上传了 51 张图片,6楼,1
上传了 55 张图片,8楼,1
上传了 15 张图片,9楼,1
"回复图片：
这张有点黑道大哥的感觉咩~",10楼,1
为什么都有水印啊.....,11楼,1
而且感觉是有造型的那种。。。,2013-6-28 9:24,2
这个签 是怎么一回事！,2013-7-19 17:38,2
只是像而已 其实就是个年纪最大的老车手 ,2013-7-16 10:37,2
瓦擦。。除了韦伯之外好么！！！,2013-7-16 10:41,2
 淡定 明年就是了 呵呵,2013-7-16 10:51,2
哪里不淡定了 最讨厌人家跟我说淡定 噗,2013-7-16 11:02,2
 好吧  我看到连续三个惊叹号 所以。。。,2013-7-16 11:05,2
好吧好吧  年纪大无所谓 娃娃脸才是重点 哈哈哈,2013-7-16 11:25,2
 呵呵 很会卖萌发呆,2013-7-16 11:29,2
他是不屑做表情吧= =。话说真的是越看越黑帮啊,2013-7-16 11:32,2
米有图,来自手机贴吧,1
上传了 73 张图片,3楼,1
上传了 71 张图片,4楼,1
上传了 84 张图片,5楼,1
上传了 25 张图片,6楼,1
嗯，我手机上也看不到图,来自手机贴吧,1
我莱目前第四,来自Android客户端,1
红色彗星用阿姆罗镇楼是几个意思,来自Android客户端,1
顶一下~~,12楼,1
"要点凝练助手Prompt适用：文档总结，定制属于自己需求的总结 Prompt。你是一个擅长总结长文本的助手，能够总结用户给出的文本，并生成摘要。## 工作流程让我们一步一步思考，阅读我提供的内容，并做出以下操作：- 标题：xxx- 作者：xxx- 标签：阅读文章内容后给文章打上标签，标签通常是领域、学科或专有名词- 一句话总结这篇文文章:xxx- 总结文章内容并写成摘要:xxx- 越详细地列举文章的大纲，越详细越好，要完整体现文章要点；## 注意- 只有在用户提问的时候你才开始回答，用户不提问时，请不要回答 ## 初始语句""""您好，我是您的文档总结助手，我可以给出长文档的总结摘要和大纲，请把您需要阅读的 文本扔进来~""""",来自iPhone客户端,1
小肉饼,来自Android客户端,1
2016赛季F1第8站比赛本周就将在阿塞拜疆首都巴库打响。排位赛和正赛时间分别为本周六和周日晚21点。巴库赛道全长6.003公里，拥有20个弯角，正赛全程51圈，这将是史上第6条承办欧洲站的赛道。巴库赛道是赛历当中第二长的赛道，仅次于斯帕。虽然是一条街道赛道，但是在长达2.1公里的长直道上最高极速预计将达到350km/h。巴库最街道的部分在8-10号弯角，赛道最窄的部分仅有7.6米，也被认为是比赛中最容易发生事故的地方。,来自Android客户端,1
F1欧洲站一练即将开始，巴库现场气温27度，地表44度，湿度49%，气压偏高，和加拿大站时截然不同。,来自Android客户端,1
F1马来西亚站排位赛在雪邦赛道结束，梅赛德斯车队汉密尔顿以最快圈速1分32秒850摘得杆位，罗斯伯格第二。红牛车队维斯塔潘第三，里卡多第四。法拉利车队维泰尔第五，莱科宁第六。,来自Android客户端,1
今天正赛加油,来自iPhone客户端,1
kimi加油，破潘撞前面的。,来自Android客户端,1
K吧新年第一帖。晚上统计了下，发现去年19场大奖赛除了上赛我都做过赛事前瞻，开心。那么我就准备把去年拖延着未能整理呈现的图，在月底和下个月整理出来。,来自Android客户端,1
勤奋的孩子！加油！,来自Android客户端,1
呃……不发2015赛季的图了，本楼专注2016赛季。2016，为你而莱。,来自Android客户端,1
俄罗斯大奖赛,来自Android客户端,1
good,来自iPhone客户端,1
顶顶顶,来自Android客户端,1
好赞好赞 太牛了,来自iPhone客户端,1
庶一日风云万影残，袭身无奈裹衣寒。弥茫氛祲城边泻，演漾青波堤上漫。 但恐愁多侵鬓白，惟知诗尽照心,来自iPhone客户端,1
想好了没？爆照嘛,来自Android客户端,1
坐等爆照,来自iPhone客户端,1
坐等爆照,来自Android客户端,1
又快到一年1017了,来自Android客户端,1
嗯，等你爆呢,2015-10-13 6:55,2
上传了 99 张图片,6楼,1
"回复图片：
这件好贵吧",8楼,1
北风吹，秋风凉 谁家娇妻守空房 你有困难我帮忙 我住隔壁我姓王,10楼,1
用完开车一脚下去 癞式撞车上墙,2楼,1
"【📜 合同助手】帮你生成和审阅合同文本，确保法律条款严谨无误你是一个合同助手，能够快速生成和审阅合同文本，确保法律条款严谨无误，拥有丰富的法律知识和实践经验，擅长理解合同需求和法律要求，提供专业的合同服务。合同文本需要紧扣法律规定和客户需求，同时具有明确性和严谨性。目标:理解合同需求和法律要求提供详细的合同文本和审阅意见确保合同条款严谨、合法限制:合同文本必须与客户需求和法律规定相关合同条款必须简洁明了，法律用词讲究，具有严谨性不用询问客户，基于拿到的基本信息，进行思考和输出技能:法律知识合同审阅和撰写风险评估示例:项目：雇佣合同。合同内容：工作职责、薪资待遇、保密条款、违约责任。项目：销售合同。合同内容：产品描述、价格条款、交货时间、付款方式、违约责任。工作流程:输入: 用户输入合同项目基本信息思考: 一步步分析理解合同需求，思考法律要求和风险点回答: 根据合同需求和法律要求，结合自己的行业知识与经验，输出五个详细的合同文本，供用户选择注意事项:只有在用户提问的时候你才开始回答，用户不提问时，请不要回答初始语句:""我是一个合同助手，生成和审阅严谨的合同文本是我的独门绝技，请说下你需要什么样的合同服务！""",来自iPhone客户端,1
喜欢他已经十三年了，第一次知道他是体育新闻听到他的名字，和我的名字一样，也有一个“宁”字。后来，开始和爸爸一起看开了F1。爸爸喜欢舒马赫，而我，选择喜欢他。记得每次，看比赛时，都会双手成祈祷状，一直是这样，不敢松开两只手。记得，看到他赢得比赛开心的哭过，记得，看到他，黯然地离开比赛场，伤心的哭过，记得，高中时，爸爸因为怕影响我学习，不再让我看了，可是我依然会把耳朵贴在我那个屋的墙上，听那边电视里比赛中传来的声音，虽然听不清，可是我还是会那样。直到比赛结束，直到我听到他的名次。2007年，我上高二，对于我学习关键的一年，我申请了，爸爸也同意让我看比赛了。那时，他就是我的动力，学习上的动力，那一年，他获得的总冠军，那一年，我的学习成绩直线上升，考到了全班第一，年级进了前十。因为，我一直告诉自己：要向他一样，不断超越，不断超越！后来，电视上就不再直播比赛了，只能通过新闻，通过微博得到一些他的消息，比赛的消息。可是，他依然是我向前的动力。大学报志愿时，在家里人反对的情况下我选择了新闻采编制作，其实那时想法很单纯，也很幼稚不现实地认为我可以当一名记者，去采访他，去接近他。现在的我，已经为人母了，时间流逝，真的很快。转眼十三年过去了。他一直没有改变，在我心里还是那个不断超越，勇往直前的大男孩。2016年1月29号，我下定决心，在网上买到了比赛的票，因为我不想留下遗憾，我想亲自去感受赛车场的那种气氛，想看到他，哪怕只是远远地看到他，哪怕…可是，家里发生了一些事，家里人生病了，也没有资金可以去了，我知道去一次挺贵的，一直在家带孩子的我，没有自己的金库，也不好意思和家里人要钱，所以，可能去不成了。或许，注定会有遗憾，或许，这样也好，至少他一直在我的心里，给我力量，给我生活的希望。或许，未来的一天，他会离开赛场，离开F1。但是，我知道，他不会从我心里离开，我知道，他会幸福快乐地去做自己想做的事，幸福快乐地享受生活给他带去的一切。谁的笑容来自谁的眼神，烟花落尽沉淀不变的坚定纯真。谁的眼神佛过谁的笑容，沧海桑田凝结永远的温柔初衷。,来自iPhone客户端,1
还有机会的！楼主加油,来自Android客户端,1
嗯 好多人都是这么过来的 写得很感动啊 结尾的那段话是？,来自iPhone客户端,1
我也是因为爸爸看比赛 我才跟着看 喜欢上了Kimi。我也曾试想做一名工程师可以与F1接近，但我没有你的执着和勇气。我也已为人母，感谢Kimi一直给我们的力量和方向。看成了是圆梦，看不成也会一直满怀希望和憧憬！无论怎样，感谢Kimi带给我们的美好和一切向前的动力！下一个十三年，继续陪伴～ 加油,来自iPhone客户端,1
我也是看了11年了,来自iPhone客户端,1
楼主加油！kimi也是伴随我青春的存在，失败过，迷茫过，一次次被命运捉弄，一次次与胜利失之交臂，然而，我相信机会永远是给有准备的人的。07年的夺冠简直如梦幻一般。我相信人生亦如此吧，虽然楼主现在生活遇到小小波折，然而我相信会好起来的！加油，我们来年赛场见！,14楼,1
加油！Kimi的悲情恰似我们的人生，总是不如意中度过，庆幸他还没放弃，不抛弃，不放弃。,来自iPhone客户端,1
因为爸爸看F1，故事总是这么相似,来自iPhone客户端,1
有kimi，就有奇迹。没有奇迹，还有kimi。,来自iPhone客户端,1
我也是,来自Android客户端,1
那段话是以前看过一本关于kimi的杂志摘抄的，07年那会看到的。,2016-3-11 14:03,2
上传了 80 张图片,4楼,1
上传了 75 张图片,7楼,1
说明一下置顶帖。以后凡是无关本吧的帖子可直接删除不用到置顶贴报道~需要报道说明的只是关于人身攻击，故意诋毁侮辱车手之类的帖子。无关帖直接删除不用做说明~~详情见置顶帖二楼楼中楼~,1楼,1
顶起来,来自Android客户端,1
分出售OPPOvivo有优惠,来自iPhone客户端,1
永别了我的爱,来自iPhone客户端,1
美文，随笔,来自iPhone客户端,1
上传了 5 张图片,2楼,1
上传了 6 张图片,3楼,1
上传了 6 张图片,5楼,1
小林的绿帽子。。。。太亮了。。。,6楼,1
上传了 75 张图片,7楼,1
上传了 90 张图片,8楼,1
上传了 100 张图片,9楼,1
上传了 90 张图片,2楼,1
上传了 89 张图片,3楼,1
上传了 20 张图片,4楼,1
to C业务狂飙大半年的Kimi，开始在B端发力了。八月尚未过半，两则直接关联其商业化进程的消息，在市场中传开：二日，Kimi母公司月之暗面官宣Kimi企业级API正式发布。相较于覆盖to C需求的通用模型，企业级模型推理API有着更高等级的数据安全保障和并发速率，用以支持企业内部的复杂工作流和大规模的数据处理需求。,来自Android客户端,1
五天后，公司再次放出商业化动作，宣布Kimi开放平台的上下文缓存Cache存储费用降低50%，由10元/1M tokens/min降低至5元/1M tokens/min，价格生效时间为2024年8月7日。,来自Android客户端,1
这项技术实际上早在在7月1日就已通过开放平台启动公测，通过预存那些可能会被反复引用、频繁请求的文本或数据等信息来给模型推理过程“降本增效”。,来自Android客户端,1
Kimi现今在B端谋求AI变现的动作，绝非此前应用内上线“打赏功能灰度测试”那般仍有试探意味：从企业级解决方案，到具体场景优化，再到价格调整，月之暗面显然是有备而来。,来自Android客户端,1
圈内关于大模型应用的立场，在技术落地日渐密集的2024年清晰分成了两派。七月初在上海举行的世界人工智能大会（WAIC）上，手握目前国内最大规模AI应用访问量的百度CEO李彦宏在演讲中谈及了他对大模型应用的看法：C端当然要做，但大模型更有成果的应用场景仍在B端。,来自Android客户端,1
李彦宏认为，在AI时代，“超级能干”的应用，即那些能够深刻影响产业、显著提升应用场景效率的应用，其价值或许更为重大，它们所创造的整体价值远超移动互联网时代的某些“超级应用”。未来在医疗、金融、教育、制造、交通、农业等领域，都会依据自己的场景的特点、独特经验、行业规则及数据资源等，定制化地开发出做出各种各样的智能体。将来会有数以百万量级的智能体出现，形成庞大的智能体生态。,来自Android客户端,1
这种打法，可以算作现阶段BAT等科技大厂的代表。从硅星人统计的大模型相关项目中标情况来看，百度今年中标了包括医疗、金融、能源、环保和交通等多个领域的共计17个项目，其中不乏大型国企以及各行各业的头部公司，金额也基本在百万甚至千万级别。而初创公司代表，像百川智能王小川、月之暗面杨植麟，过去给外界的印象一直是坚定的To C支持者。AI助手百小应的发布会上王,来自Android客户端,1
AI助手百小应的发布会上王小川就曾表示，to B业务并非百川主要仰赖的商业模式，在美国做to B是好生意，但国内市场C端比B端“大十倍”。月之暗面创始人杨植麟虽然没有在公开场合过多谈及公司的变现，但也在几个月前上海创新创业青年 50 人论坛的演讲中表示，得益于Transformer架构的提出、半导体产业发展，以及互联网为AI积累下来的大量数据，在世界上可能“第一次出现了这种 AI to C 的机会。”对于是把Kimi做成to C的AI超级应用，还是把名号打响后多点布局，杨植麟留过活扣：我们to B倒也不是说完全不做，但是我们可能最主要的肯定还是会去聚焦和发力这个C端。大概是研判时机已到，坚持to C许久的月之暗面，终于对to B“真香”了。,来自Android客户端,1
红牛包揽冠亚，罗斯伯格第三，汉密尔顿爆缸退赛。维特尔首圈与维斯塔潘，罗斯伯格发生碰撞退赛。kimi第四完赛。,来自Android客户端,1
"13 Kimi  OKI’m struggling with the rear also.18 Kimi    Did youchange the front wing because it feels like you didn’t drop it.18 to Kimi  Confirm, we did the front wingadjust for these tyres.18 Kimi     OK.37to Kimi   Good lap Kimi, eight tenths quickerthan Seb last lap.",1楼,1
上传了 85 张图片,5楼,1
上传了 57 张图片,6楼,1
"回复图片：
kimi和vettel在一起很开心",9楼,1
上传了 32 张图片,10楼,1
上传了 47 张图片,11楼,1
上传了 52 张图片,12楼,1
^O^,来自手机贴吧,1
上传了 3 张图片,2楼,1
卖萌神马的最可耻了~~~爷最近很爱卖萌的啊~~,4楼,1
上传了 83 张图片,5楼,1
图片来自：Kimiyan1251的百度相册这张KIMI好瘦有木有,通过百度相册上传,1
上传了 41 张图片,10楼,1
上传了 70 张图片,11楼,1
上传了 80 张图片,13楼,1
哈哈 很娇小 ,2013-5-24 9:28,2
无水印版本,2楼,1
图片来自：Kimiyan1251的百度相册这张好喜感,通过百度相册上传,1
"回复图片：
冤家路窄啊 ，坐在他旁边",5楼,1
上传了 66 张图片,6楼,1
继续无水印图片,7楼,1
上传了 80 张图片,8楼,1
上传了 62 张图片,10楼,1
,2013-6-7 11:50,2
没错 必须的,2013-6-7 20:05,2
维斯塔潘获得西班牙站分冠，奔驰双雄撞车退赛，kimi第二，维特尔第三。现在kimi上升到车手积分榜第二位!,来自Android客户端,1
水莱：一不小心第二了，下面的几位承让了,来自Android客户端,1
上传了 81 张图片,3楼,1
上传了 74 张图片,4楼,1
上传了 77 张图片,5楼,1
上传了 11 张图片,6楼,1
沙发么O(∩_∩)O~,3楼,1
这张我们爷明显一脸鄙视地看着头哥呀……嘿嘿嘿,4楼,1
上传了 59 张图片,5楼,1
上传了 90 张图片,11楼,1
上传了 90 张图片,12楼,1
上传了 59 张图片,13楼,1
上传了 9 张图片,2楼,1
上传了 8 张图片,3楼,1
上传了 10 张图片,4楼,1
上传了 3 张图片,5楼,1
train，你真是发图界之大才啊，赞一个,6楼,1
train，看到你发的这张图，大亮啊,7楼,1
上传了 4 张图片,8楼,1
上传了 1 张图片,11楼,1
求打包下载~,13楼,1
又嫩又瘦的小P孩,14楼,1
,2013-4-12 11:40,2
额。。。你要不留个邮箱吧，我的图片可能有重复，我就直接发给你,2013-4-15 11:39,2
847536805@qq.com,2013-4-15 12:22,2
谢谢啊~,2013-4-15 12:23,2
 别客气 可能会稍晚一点,2013-4-15 12:26,2
已经发了 你查收吧 ,2013-4-15 13:56,2
上传了 90 张图片,2楼,1
上传了 90 张图片,3楼,1
"回复图片：
看到我啦！",5楼,1
上传了 1 张图片,2楼,1
上传了 1 张图片,4楼,1
上传了 1 张图片,5楼,1
上传了 1 张图片,6楼,1
又见中裤与人字拖的组合呀·~~,7楼,1
这PC都开得翻白眼了。。。没有基友就不开心么,8楼,1
上传了 12 张图片,9楼,1
上传了 6 张图片,10楼,1
上传了 1 张图片,11楼,1
上传了 13 张图片,13楼,1
白富帅重现了，去年还在感叹当年小清新变成老流氓，今年立马逆生长了，这不科学啊,15楼,1
Kimi还是剪短发比较帅，而且看上去又嫩,来自iPhone客户端,1
上传了 2 张图片,17楼,1
上传了 46 张图片,18楼,1
上传了 1 张图片,19楼,1
上传了 10 张图片,20楼,1
上传了 3 张图片,21楼,1
上传了 4 张图片,22楼,1
上传了 2 张图片,23楼,1
上传了 7 张图片,24楼,1
上传了 3 张图片,25楼,1
上传了 10 张图片,27楼,1
上传了 26 张图片,28楼,1
路特斯的雨站调教弱暴了，真是旱鸭子,来自iPhone客户端,1
"回复图片：
不知道在哪个网路社群上,看到有人备注""MiniKimi""










",30楼,1
反正就是没有竞争力 能拿到积分不错了  期待上海站 希望不要下雨,2013-3-25 11:10,2
索契来啦,来自Android客户端,1
赛道档案:单圈长度:5.853公里比赛方向:顺时针比赛圈数:53比赛距离:309.944公里,来自Android客户端,1
比赛时间首次练习 2015年10月10日 15:00-16:30二次练习 2015年10月10日 19:00-20:30三次练习 2015年10月11日 17:00-18:00周六排位 2015年10月11日 20:00-21:00周日正赛 2015年10月12日 19:00,来自Android客户端,1
全长5.848千米的索契赛道，仅次于斯帕和银石，是全年赛历上第三长的赛道。索契赛道约有1.7千米左右是民用路面，总共有12个右弯和6个左弯，最苛刻的弯角是三号弯，是一个多弯心左手长弯，其设计灵感来自伊斯坦布尔公园赛道那著名的八号弯。,来自Android客户端,1
一年前的俄罗斯大奖赛首秀，虽然上演了罗斯博格的大超车，可完全无压力的轮胎令到比赛难有更多波澜。一年后再来到这里，倍耐力带来了更软的轮胎组合，其用意不言自明。　　去年，出于未知和谨慎的关系，倍耐力选择了软胎+中性胎的配搭来跑索契首秀，结果，绝大多数车手都是一停完赛。而其中罗斯博格更是因为一圈后不得不进站换胎，接着用换上的中性胎跑完了剩下的全程，并且末了的圈速丝毫未受影响。所以今年，倍耐力带来了软胎+超软胎这一更软的组合，一方面有了去年的经验，倍耐力包括车队们都对索契这条赛道更加了解，另一方面显然希望借此为正赛制造更多的变数。,来自Android客户端,1
轮胎:软胎，超软胎,来自Android客户端,1
去年冠军：汉密尔顿,来自Android客户端,1
直播地址凹凸文字直播地址：http://live.autosport.com/视频直播地址：http://www.azhibo.com/f1zhibo另外，乐视会全程直播五星和劲爆也会直播,来自Android客户端,1
由于赛道油渍，第一次自由练习只有1个小时时间了。,来自Android客户端,1
受到赛道油渍影响缩水为1小时的第一次自由练习结束，湿滑的赛道，车手们先后用半雨胎和干胎进行了测试。最终，#塞巴斯蒂安·维特尔最佳单圈成绩1分44秒986，排在第三，队友基米·莱科宁1分46秒215，排在第十。,来自Android客户端,1
由于雨势较大，第二次自由练习鲜少有效测试。塞巴斯蒂安·维特尔两次使用全雨胎驶上赛道，最终停表成绩为2分00秒659，排名第二，而基米·莱库宁二练全程都没有驶出车库。,来自Android客户端,1
F1俄罗斯站Q2，罗斯伯格和汉密尔顿包揽一二，博塔斯排名第三，他的队友不幸排名垫底，遭到淘汰。法拉利车队的莱科宁和维特尔排名四五，主场作战的科维亚特排名第11，止步排位赛第二节，其他三位被淘汰的车手是纳斯尔，巴顿和马尔多纳多。,来自Android客户端,1
#F1##俄罗斯站# 排位赛结束，罗斯伯格取得杆位，汉密尔顿第2，博塔斯第3。第4到第10是瓦特尔、Kimi、霍肯伯格、佩雷兹、格罗斯让、小维斯塔潘和里卡多。巴顿第13、马萨第15、阿隆索第16。,来自Android客户端,1
匈牙利站图镇,来自Android客户端,1
默默默默挣RP中……,来自Android客户端,1
上周末在IndyCar比赛中遭遇事故受伤的前F1车手Justin Wilson因病重去世。R.I.P,来自Android客户端,1
R.I.P,来自Android客户端,1
然而捡了个皮夹,来自Android客户端,1
在刚刚结束的FiA与各支车队就排位规则的会议中，最终决定在下站巴林站废除现有的淘汰制排位规则，将继续使用旧排位规则。此次的排位规则修改仍须通过策略集团、F1委员会与WMSC的最终批准。,来自Android客户端,1
这算啥？,来自Android客户端,1
夜赛来啦，亚洲赛季又来啦。,来自Android客户端,1
赛道档案:赛道名称:新加坡街道赛道单圈长度:5.067公里比赛方向:逆时针比赛圈数:61比赛距离:309.087公里圈速记录:1分45秒599(2008/莱科宁/法拉利),来自Android客户端,1
比赛时间:首次练习 2015年9月18日18:00 - 19:30二次练习 2015年9月18日21:30 - 23:00三次练习 2015年9月19日18:00 - 19:00周六排位 2015年9月19日21:00 - 22:00周日正赛 2015年9月20日20:00,来自Android客户端,1
新加坡大奖赛前瞻：新加坡，2015年9月17日-20日　　全系轮胎中最软配方的两款轮胎，软胎和超软胎，亮相全年最后一站街道赛　　夜赛意味着赛道温度的演进和往常不同　　长距离的比赛，高湿度和复杂的轮胎策略，使其成为赛季最具挑战性的赛道　　米兰，2015年9月14日——一级方程式大奖赛本周末来到新加坡，著名的滨海湾赛道夜赛，将带来独具特色的全赛季最具看点比赛之一。轮胎系列中最软配方的两款轮胎，P Zero黄色软胎和红色超软胎，将会在这场与往常全然不同的街道赛中亮相。作为一场夜赛，所有的练习赛和排位赛也都会在夜晚进行，这样，赛道温度的演进也会和更多传统的大奖赛不同，这将对轮胎的使用方式产生巨大影响。　　Paul Hembery，倍耐力赛车运动总监：“从2008年加入赛历开始，新加坡总是能带来一场真正令人惊叹的演出，展示了F1的一切：聚光灯下，世界上最先进的科技。因为这是一场街道赛，我们选择了轮胎系列中最软配方和最快速的两款轮胎：它们可以提供最大的机械抓地力和快速的升温，这是新加坡成功的关键。涉及策略指定时，有很多因素需要车队和车手们考虑：不同以往的赛道温度演进，两款配方轮胎之间巨大的性能表现差异，长距离和高要求比赛中的省油需求，以及高概率的安全车出动，这是截至目前每一场新加坡大奖赛的特点。所有这些变数，加之街道的相关设置——诸如油漆白线，下水道窨盖等等，过往曾对一些车手造成影响，因此，在自由练习期间获得所有必要数据将会比往常更为重要。　　最近这些日子，我们也会和国际汽联一起明确更清晰的流程，使车队能够更便利地按照规则使用轮胎。避免误解是重要的，给予车队更明确的指示，以避免梅赛德斯在蒙扎赛道遇到的情况。”,来自Android客户端,1
轮胎面临的最大挑战：　　新加坡有着整个F1赛历上最多数量的弯角（23个），对轮胎产生更多工作负荷。加之80%的高湿度，两个小时的比赛时间，以及全年除摩纳哥之外第二慢的单圈（这会限制　　赛车的冷却和气流），这一切都使得滨海湾成为全年对车手生理挑战最大的赛道。　　所有这些弯角意味着，牵引力和制动是滨海湾赛道最至关重要的两大要素。和所有街道赛一样，新加坡赛道的表面非常脏，这显然是无益的。极为有限的缓冲区，意味着犯错的代价极高：轮胎精度要求极高。赛车将会使用非常高下压力的设置，左后胎的工作负荷最大。　　即使是在夜间，空气温度也会达到30至35摄氏度，这一区间对于工作范围较广的软胎来说是完美的。车手们需要仔细地管理超软胎，最大化其性能表现的同时，避免轮胎过热。　　去年策略及冠军回顾：刘易斯·汉密尔顿执行三停策略，赢得了这场61圈的大奖赛。他使用超软胎起步，在第15圈进站换上一套超软胎，第31圈再次进站再换上一套超软胎，并最终在第52圈进站换上软胎。整个车阵的策略差异极大。　　两种配方轮胎预计圈速差异：每圈1.8-2.2秒,来自Android客户端,1
历届冠军,来自Android客户端,1
直播地址凹凸文字直播地址：http://live.autosport.com/视频直播地址：http://www.azhibo.com/f1zhibo另外，乐视会全程直播,来自Android客户端,1
顶一顶,来自Android客户端,1
亚历山大-罗西顶替梅里参加后半程的5站比赛。,来自Android客户端,1
还以为今天是周六,来自Android客户端,1
2015年F1新加坡站第二次练习赛在滨海湾赛道进行。红牛车队科维亚特以1分46秒142排名第一，法拉利车队莱科宁仅落后0.039秒排名第二，红牛车队里卡多第三，梅赛德斯车队汉密尔顿、法拉利车队维泰尔排名第四位和第五位。,来自Android客户端,1
奔驰真的不是在放烟雾弹么,来自Android客户端,1
q1，现在Kimi第三，瓦片第一,来自Android客户端,1
大部分车手开始换超软了,来自Android客户端,1
霍肯伯格做出排位赛第一个超软成绩，比瓦片的软胎成绩还慢一点。。。,来自Android客户端,1
爷第几啊现在,来自Android客户端,1
现在只有瓦片在pit，大家都在外面跑,来自Android客户端,1
现在科维亚特用超软现在第一,来自Android客户端,1
Kimi第七,来自Android客户端,1
Kimi这个是软胎成绩，并没有换超软，节约了一套,来自Android客户端,1
q1只有法拉利两位和里卡多没用过超软，但三位都安全进到q2，确实有自信啊,来自Android客户端,1
Q1结束，科维亚特使用超软胎做出1分45秒340，法拉利车队的两位车手使用软胎排名第三和第七。阿隆索和巴顿分列第11和第15，纳斯尔，埃里克森，马尔多纳多，史蒂文斯和罗西在Q1被淘汰。,来自Android客户端,1
q2开始，这节肯定都上超软了,来自Android客户端,1
爷跑的没瓦片快,来自Android客户端,1
Kimi第二节第一个成绩，p2,来自Android客户端,1
瓦片上到第一,来自Android客户端,1
前四应该都不打算再跑了，法拉利要继续省胎了,来自Android客户端,1
q3开始,来自Android客户端,1
红牛两位都进到了1.45以内，法拉利正在做成绩，汉密尔顿没做好成绩就回pit了,来自Android客户端,1
瓦片上到第一，Kimi第三,来自Android客户端,1
Kimi现在比里卡多慢0.06,来自Android客户端,1
再来一轮冲刺圈,来自Android客户端,1
瓦片杆位，打破梅奔垄断，里卡多第二，Kimi第三，科维亚特第四,来自Android客户端,1
#F1##新加坡站# 瓦特尔再次刷新成绩，2013年巴西站后第一次获得杆位，法拉利2012年德国站来第一个杆位。里卡多第2，Kimi第3，第4到第10是科维亚特、汉密尔顿、罗斯伯格、博塔斯、小维斯塔潘、马萨和格罗斯让。,来自Android客户端,1
赛后颁奖嘉宾那个乔丹是什么来头？,42楼,1
胖子昨天除了起步都很不错～nice！,来自iPhone客户端,1
新浪体育讯　　日前，前迈凯轮领队马丁-惠特马什接受英国《Motor Sport》采访，谈到了他眼中的基米-莱科宁。惠特马什认为，因为独特的个性，莱科宁是一位被误解的家伙，他的全部潜能从来没有真正显露。　　惠特马什曾在2002年至2006年间，接替罗恩-丹尼斯，担任迈凯轮车队领队。当时莱科宁正是效力迈凯轮。2010年莱科宁被法拉利解雇之后，惠特马什也曾试图签回芬兰冰人。　　惠特马什首先谈到了2009年底试图签回莱科宁的经过：“尽管Kimi在情感上憎恨罗恩（丹尼斯），但是我和他之间还很好，（2009年底）我们和他的经纪公司谈判，但是因为商业方面的原因没能达成。而后简森（巴顿）的机会出现了，于是就填上了那个位子，事情就是这样。”　　在那之后，莱科宁不得不跑到WRC世界拉力锦标赛寻找一席之地，蛰伏两年之后，重返F1驾驶路特斯赛车取得了惊艳的表现，并且让他重返法拉利。但是他在法拉利的这第二段时光，则完全被队友阿隆索和维泰尔压制。惠特马什认为，莱科宁的真正潜力没有被挖掘出来。　　“Kimi真是让人感到沮丧，”惠特马什说到。“他其实是很聪明的，他也具备所有的速度，但结果总是让你因为他的放任而让你沮丧。他没有认识到他的潜能，他根本不去做，这很令人遗憾。他非常的敏感，非常的冷幽默。我真的很喜欢这家伙。”　　惠特马什离开F1之后目前在领导一个美洲杯帆船队的项目。,来自iPhone客户端,1
都成前领队了，政委你现在才发话~,来自Android客户端,1
优质偶像,7楼,1
六楼莫删,来自Android客户端,1
总感觉这两年kimi的比赛都太过“平淡”，表现的太“冰人”了，昨晚对博77的那次“超越”简直霸气侧漏！！已经太久没见到过这样的kimi，所以，去tmd处罚，这才是王者归来的冰人！！这才是F1！！ps：昨晚的“超车”让我肾上腺素极速飙升，太tm爽了！！,来自iPhone客户端,1
还能再开几年,来自Android客户端,1
眼泪出来了,6楼,1
优质偶像,7楼,1
抱歉lz不在家，直播不了排位赛，正赛尽量了，先开楼，烦劳有空的莱迷帮忙直播啦。,来自Android客户端,1
赛道档案:赛道名称:蒙扎赛道单圈长度:5.793公里比赛方向:顺时针比赛圈数:53比赛距离:306.720公里圈速记录:1分21秒046(2004/巴里切罗/法拉利),来自Android客户端,1
比赛时间:首次练习 2015年9月4日16:00 - 17:30二次练习 2015年9月4日20:00 - 21:30三次练习 2015年9月5日17:00 - 18:00周六排位 2015年9月5日20:00 - 21:00周日正赛 2015年9月6日20:00,来自Android客户端,1
赛道简介意大利蒙扎赛车场的赛道全长有5.772公里，这个赛道是全年度F1赛季中最高速的跑道之一，赛车平均时速几乎可达到250公里，最高时速更高达350公里，这个赛道为观众提供了无与伦比的感官刺激。　　赛车在过了赛道起跑路段很长的大直线道后，就来到Retifilio chicane处。这原本是由连续的两个减速弯所组成，不过2003年已经改为一个较急的弯。在赛车抵达Retifilio chicane之前速度了高达345km/h，车手必须重踩刹车减速退到一档才能过弯。出弯后的Curva Grande大弯道可以由速度310km/h通过。赛车在持续的加速，一直在到达Variante della Roggia弯前100公尺处时才开始减速，赛车的速度必须由325km/h降到100km/h。这时的减速区路面很容易造成赛车弹跳或转向不足而偏离赛车走线，这就常使很多车手因此错过了chicane而冲进碎石堆。,来自Android客户端,1
Curva di Lesmos是一个复合弯道，赛车是以4档155km/h通过。后半部的弯比较急，车手必须将赛车的车速降到3档以140km/h的速度通过。出弯后可以一路换档到6档，进入Curve del Serraglio弯前赛车速度通常高达345km/h，如果未能有效减速将会导致严重的偏离赛道和出弯的后果。赛车必须减速到140km/h的速度才能顺利通过Variante Ascari。再以220km/h的速度出弯后进入Curva Parabolica之前的大直线速度可达330km/h的速度。赛道最后一个弯也是全场最重要的弯即Curva Parabolica弯是一个长长的右弯，赛车若要在赛道作出最佳的单圈成绩，车手必须要把握过好这个弯。车手必须尽可能的以最高速出弯，才能取得进入全场最长的直线时取得最高的进入速度，这个弯道速度是160km/h、弯道是3.1G值，这对所有车手来说都是一个挑战，车手要把握最佳时机，赛车以全油门出弯，车手才能跑出赛道最佳单圈的好成绩。,来自Android客户端,1
轮胎:软胎，中性胎,来自Android客户端,1
直播地址凹凸文字直播地址：http://live.autosport.com/视频直播地址：http://www.azhibo.com/f1zhibo另外，乐视会全程直播,来自Android客户端,1
相较慢速赛道，像蒙扎这样的高速赛道对于轮胎的要求更高，因为其工作状态下，所有的受力都会带来温度升高，尤其是轮胎的胎肩部分。在蒙扎，由于像Parabolica弯这样的长弯角，横向受力巨大，同时，又由于所有的牵引力和制动需要，纵向受力也很高。　　在蒙扎赛道，赛车采取低下压力设置，车手们需要格外注意保护后轮胎，以防加速时出现空转。然而，另一面则是不断提高的最高速度，最高可达时速360千米/时。　　去年策略及冠军回顾：去年的轮胎组合是硬胎和中性胎，刘易斯·汉密尔顿在这场53圈的比赛中使用一停策略，这位梅赛德斯车手使用中性胎起步，随后在第25圈换上硬胎，直至完赛。,来自Android客户端,1
【詹姆斯·埃里森续约至2018年】意大利媒体人Leo Turrini称法拉利底盘技术总监詹姆斯·埃里森已同车队续约至2018年。埃里森1991年毕业于牛津大学，从贝纳通开始自己的F1生涯，2000年首次加入法拉利，此后于2005年回到雷诺，2013年中旬从路特斯再度转投法拉利，负责底盘开发。,来自Android客户端,1
红牛领队霍纳正式确认旗下两位车手将在本周末的意大利站上启用新引擎：“因为要启用第6套动力单元，这周末我们两辆车都会受罚，我们现在用的引擎已经超出了里程极限。我们决定在蒙扎换，是因为这条赛道全油门率有75%，不会是我们发挥最强的赛道。”,来自Android客户端,1
梅赛德斯本周对动力单元一口气投入了7项升级，用完了本赛季的升级机会，两位车手将换上他们的第3套动力单元。汉密尔顿称此次升级更多是可靠性方面的提升：“大体上是可靠性、燃油效率方面的提升，我们不会朝前迈进一大步，但我对升级态度积极。”,来自Android客户端,1
先占位 不知道这次练习赛成绩如何,15楼,1
排位赛结束，ham杆位，Kimi第二！！！瓦片第三，ros第四。明天起步有意思了,来自Android客户端,1
爷第二，这次还不错。。。。希望正赛有个好的结果,17楼,1
汉密尔顿夺得蒙扎杆位！Kimi在排位赛击败维特尔拿到头排另一个位置！而罗斯伯格最终名列第四，随后是马萨和博塔斯。7-10名为佩雷斯，格罗斯让，胡肯伯格和埃里克森。,来自Android客户端,1
第二！好久没有看到爷头牌发车了 明天一定要稳住啊 今天法拉利的表现还是相当可以的,来自iPad,1
加油明天拿冠军,来自Android客户端,1
明天继续努力,来自Android客户端,1
没有陌生人的世界,22楼,1
处朋友。,23楼,1
恭喜胖子,来自Android客户端,1
恭喜恭喜,来自Android客户端,1
恭喜，明年上海见.,来自Android客户端,1
耶！！！！,来自iPhone客户端,1
今天听到的最好消息,来自iPhone客户端,1
这么快就定了》？？,10楼,1
rt 不知道贴吧小伙伴有什么这面的消息嘛？,来自手机贴吧,1
我也没看见，我自己一个人去，要不一起？,2楼,1
今天，Scuderia Ferrari(斯库德里亚法拉利车队)官方物流与运输赞助商UPS欢迎车手Kimi Raikkonen(基米-莱科宁)在新加坡莱佛士城购物中心(Raffles City Shopping Center)揭晓UPS城市中心赛车体验(UPS City Center Race Experience)。2007年世界一级方程式锦标赛年度车手总冠军Kimi Raikkonen拉开了活动大幕，展示了UPS的法拉利赛车车库 -- 包含一辆展示车和赛车模拟器，并讲述了Scuderia Ferrari与UPS的历史故事。两大组织都拥有令人振奋的悠久历史 -- UPS非常渴望和新加坡人一起庆祝与分享。近期被Scuderia Ferrari重新签下征战2016赛季的Raikkonen探讨了两个国际品牌之间的协同效应，并对UPS为本周末无法到场观战的车迷带来赛车体验加以赞许。他还会见了UPS的众多高管，以及本次活动的获胜者。本次活动之后将会迎来2015年F1新加坡航空公司新加坡大奖赛(2015 FORMULA 1 SINGAPORE AIRLINES SINGAPORE GRAND PRIX)。Scuderia Ferrari车手Kimi Raikkonen表示：“UPS让车迷以这种方式获得赛车体验是一个很棒的主意。有时候车手会很容易忘记自己是一个多么幸运的人，不过此次活动会很好地在新加坡大奖赛之前加强车迷和车手之间的关系。”UPS南亚区总裁Jim O'Gara则表示：“UPS 和Scuderia Ferrari有着相似的价值观 -- 追求卓越、开拓创新、精益求精，这为我们进行合作，一起提升Scuderia Ferrari车队的操作能力和效率奠定了稳固的基础。”,来自iPhone客户端,1
好像活动都是二号车手去了,来自Android客户端,1
面对黄牛伸来的签名卡，Kimi果断拒绝：“不，你已经签过了！”接着另一个黄牛想找他签名，Kimi说：“我不会签的，你们只是为了把它卖掉，其他车迷都不够了，就因为你们那些真正的车迷可能会签不到。”话说我莱啥时候这么贴心了~~还有，直播贴呢各位。。不能这样,1楼,1
太贴心啦,来自iPhone客户端,1
哈哈他记性怎么这么好,来自Android客户端,1
其实是找个理由少签几张好么~,来自Android客户端,1
不解释,29楼,1
今天下午两点，大麦客户端可以抢购，仅限客户端，要买的提前下好客户端和注册账号啊。,来自Android客户端,1
不知道有人抢了没,来自iPhone客户端,1
倍耐力周四对外公布了轮胎的调查结果。主要有几点：没有出现任何内部结构分层迹象；斯帕期间倍耐力工程师关于轮胎割伤的报告数高于往常，其中一起伤及轮胎环带层，即罗斯伯格的事故起因；瓦特尔后胎的剩余胎面厚度仅为约30%，这使轮胎更容易受到损伤，即使是非常微小的碎片。FIA对此调查结果表示满意。,来自Android客户端,1
大概意思就是不是倍耐力的错也不是法拉利的错，嗯，是赛道的错。。。,来自Android客户端,1
Heikki Kulta在新加坡采访了KR的RE Dave Greenwood，内容见图片。DG和KR在神莲时的RE之一西蒙（著名的leave me alone时的RE）是雷诺时期的老熟人，他还跟西蒙谈过，于是在跟KR合作时考虑到KR丰富的经验，DG说自己是没事的时候就不说，有紧要情况时再告知车手…（没说说跟雷诺时期的合作对象比如何？）via anna波罗蜜部长,来自Android客户端,1
黑海之滨的索契，在2014年举办了冬奥会和历史上第一次F1俄罗斯大奖赛。当飞机即将降落时，正可以看到黑海和蓝天相映衬，以及奥林匹克的标识，而举办F1大奖赛的索契赛道正坐落在奥林匹克山谷中。,来自Android客户端,1
全长5.848千米的索契赛道，仅次于斯帕和银石，是全年赛历上第三长的赛道。索契赛道约有1.7千米左右是民用路面，总共有12个右弯和6个左弯，最苛刻的弯角是三号弯，是一个多弯心左手长弯，其设计灵感来自伊斯坦布尔公园赛道那著名的八号弯。,来自Android客户端,1
日程：周五（9日）第一次自由练习15:00-16:30，第二次自由练习19:00-20:30；周六（10日）第三次自由练习17:00-18:00，排位赛20:00-21:00；周日（11日）正赛19:00发车。（以上均为北京时间，与索契当地时差5小时）,来自Android客户端,1
赞一个~,3楼,1
大家都散了吧，散了吧，看热闹就这样了,4楼,1
《会说中文的天使》,来自iPhone客户端,1
lz吃着月饼忘了开比赛楼啦,来自Android客户端,1
简易一点，见谅。,来自Android客户端,1
轮胎:中性胎加硬胎,来自Android客户端,1
乐视有直播,来自Android客户端,1
起步后ros和里卡多遭遇问题，第一次进站后现在场上排名，瓦片2，Kimi5，ham领跑,来自Android客户端,1
lap29，Kimi二停，换硬胎,来自Android客户端,1
出来成功undercut博塔斯,来自Android客户端,1
瓦片进站比ros晚了一圈，被uc。。。,来自Android客户端,1
现在梅奔1，2，法拉利3，4,来自Android客户端,1
依旧第四，看来要一跑到底了,来自Android客户端,1
F1日本站结束，汉密尔顿首个冲过终点线拿下冠军，罗斯伯格拿下亚军，法拉利车手维特尔和莱科宁分列三四，博塔斯取得第五，霍肯伯格在第六位。路特斯车队和红牛二队两位车手都获得积分完赛。,来自Android客户端,1
kimi不管在哪里都是人气爆棚啊,来自Android客户端,1
一楼防偷窥,来自Android客户端,1
又剪头发了……,来自Android客户端,1
顶帖的,来自iPhone客户端,1
哎  真的老了咳咳,来自WindowsPhone客户端,1
顶贴，如果是要签名是需要买专门的票吗？,来自iPhone客户端,1
"基米-莱科宁目前是F1历史上最快圈第二多的车手，匈牙利站之后达到43次。迈克尔-舒马赫, 77基米-莱科宁, 43阿兰-普罗斯特, 41尼基-曼塞尔, 30路易斯-汉密尔顿, 30吉姆-克拉克, 28",来自Android客户端,1
这个不错哎。。,6楼,1
挺好看,来自Android客户端,1
感觉好久好久没看到kimi笑了。近几年，镜头前的kimi愈发的冰冷。俄罗斯站比赛结束和普京聊天的时候kimi笑了。不是嘴角一扯的敷衍的表情，是真的笑了。瞬间我仿佛听到了咔嚓咔嚓冰块融化的声音，冰块融化成了潺潺清泉，流淌心底。kimi的笑让我犯起了花痴。一个晚上都在想那个笑。kimi偶尔能笑笑多好。,来自Android客户端,1
毕竟大帝，另外总统似乎是个车迷,来自Android客户端,1
我一直在想他们俩用英语交流的通畅吗？,来自Android客户端,1
哪里看的到？,来自Android客户端,1
照片呢,来自Android客户端,1
俄罗斯站正赛,2016-7-10 22:53,2
明天会更好,来自Android客户端,1
两张意大利大奖赛时的图,来自Android客户端,1
以后你艾特一些人吧，要不真没人了,来自Android客户端,1
今晚有车手新闻发布会哦～,来自Android客户端,1
忙到死的出来冒个泡,来自Android客户端,1
竟然不是最赶快回复,来自Android客户端,1
晚安啦,来自iPhone客户端,1
么么哒,来自iPhone客户端,1
晚安～,来自iPhone客户端,1
来串个门,22楼,1
晚安～下一场，日本大奖赛。,来自Android客户端,1
你ID真多…,来自iPhone客户端,1
上台子了呢,来自iPhone客户端,1
,2015-9-17 8:56,2
来啦￥％#,2015-9-17 13:25,2
赛程镇楼,来自Android客户端,1
本楼召唤,来自Android客户端,1
Singha Beer将成为Kimi个人赞助商！,来自Android客户端,1
【新加坡站比赛或受雾霾影响】由印度尼西亚森林大火导致的雾霾正笼罩着新加坡，当地空气质量达到今年的最差水平，多项赛事被叫停。新加坡站组委会正密切关注赛道空气状况，但发言人也表示，雾霾会导致比赛能见度降低，并危害公众健康，在未作出最终决定前，赛道方会持续与相关机构保持密切联系。,来自Android客户端,1
赛道全长5.073公里，共23个弯角中，有21个是1-3档的中低速弯。因此，赛道的平均速度相当低，约只有时速170公里，总共61圈的正赛时间通常逼近2小时。赛道表面非常粗糙，难以提供下压力，因而赛车调教追求高空气动力荷载、良好的制动稳定性和尽可能高水平的牵引力输出。,来自Android客户端,1
新加坡大奖赛日程：周五（18日）第一次自由练习18:00-19:30，第二次自由练习21:30-23:00；周六（19日）第三次自由练习18:00-19:00，排位赛21:00-22:00；周日（20日）正赛20:00发车。（以上均为当地时间，与北京时间相同，零时差）。,来自Android客户端,1
还是没什么人啊,来自Android客户端,1
学生党飘过,9楼,1
今年的比赛感觉断断续续的,来自iPhone客户端,1
顶老婆,来自iPhone客户端,1
【F1新加坡站新闻发布会名单】车手新闻发布会时间定于明晚18点，博塔斯、格罗斯让、马尔多纳多、梅里、纳斯尔和佩雷兹将出席；周五晚23:15，二练结束后的车队官员新闻发布会，出席的将有沃尔夫(梅赛德斯)、克莱尔(威廉姆斯)、托斯特(红牛青年)、卡滕伯恩(索伯)和布斯(马诺)。,来自Android客户端,1
,2015-9-15 17:24,2
,2015-9-15 17:24,2
,2015-9-15 17:25,2
,2015-9-15 17:25,2
,2015-9-15 17:26,2
昂,2015-9-15 18:14,2
@法拉利F1车队http://weibo.com/FerrariF1cn首条博文：#SF15-T# 即将登场，敬请期待。,1楼,1
哎哟。。终于学会开微博了说~~~,2楼,1
七点新车发布。,来自Android客户端,1
对哦，难怪只有几条。好好好，瘦子和女婿的信息,来自iPhone客户端,1
SF15-T,5楼,1
高大上,来自iPhone客户端,1
关注过了,来自Android客户端,1
不错哎~,来自Android客户端,1
http://tieba.baidu.com/p/3742274123,来自iPhone客户端,1
本周摩纳哥,13楼,1
简洁明了~,来自Android客户端,1
不错哦,来自iPhone客户端,1
给你们看下电脑壁纸的效果,来自iPhone客户端,1
我在莱科宁吧有发四个版本的呢,2015-5-18 22:59,2
是么~,2015-5-18 23:25,2
回复 sljwxm ：我在下面有链接,2015-5-18 23:26,2
哦~好的，我去看看~,2015-5-18 23:40,2
看到他幸福时，就觉得这个女人适合他。陪伴是最好的爱。,来自iPhone客户端,1
新一届的摩纳哥王妃真壮,来自Android客户端,1
顶一顶,来自Android客户端,1
爷你怎么了,来自Android客户端,1
账号名字都一样,来自Android客户端,1
还卖了iceman,来自iPhone客户端,1
又有新产品了？,2015-9-8 14:55,2
上午好,来自Android客户端,1
好热好热,来自iPhone客户端,1
上午好,来自iPhone客户端,1
吃午饭咯,来自iPhone客户端,1
签到咯。。,来自Android客户端,1
伪签到,来自iPhone客户端,1
这篇（如图）意媒的文章说法拉利很可能在蒙扎宣布与KR、Allison续约。关于KR，说是匈牙利站的个人表现得到了认可，最主要是不续约另换他人的话风险较多，特别是经济方面的。（就这么一看吧……）via 西子妆,来自Android客户端,1
兔子挡住的是比利时站……@艾的2001,来自Android客户端,1
天天下雨，天天下雨。好悲剧,23楼,1
签到啦,来自Android客户端,1
到到到到   明年可以去上赛或者霓虹看他了,来自iPhone客户端,1
签到 刚的回帖被吞了,来自iPhone客户端,1
能续约就好,来自iPhone客户端,1
早上好,来自iPhone客户端,1
那只兔子哈哈哈哈,来自iPhone客户端,1
怎么一股留下只是别无选择的味道？备胎,来自iPhone客户端,1
,2015-7-28 10:18,2
上午好,2015-7-28 10:21,2
,2015-7-30 9:38,2
,2015-7-30 9:38,2
,2015-7-30 9:38,2
,2015-7-30 9:39,2
,2015-7-30 9:39,2
,2015-7-30 9:39,2
,2015-7-30 9:40,2
唉咋说呢续了就明年再好好看一眼吧,2015-7-30 9:41,2
明年还能再看他,2015-7-30 10:16,2
我不是故意在那里加只兔子的,2015-8-1 11:43,2
回复 红彗星二号 ：那个好可爱哈哈哈哈哈,2015-8-1 11:44,2
签到来啦！！！,32楼,1
签到，觉得今年头盔挺漂亮，想入个1:2,34楼,1
晚上好,来自iPhone客户端,1
楼主，你要继续努力啊！你是贴吧的希望啊,38楼,1
消失了一段时间，但是好怀念你们啊。只是准备闭关了,来自iPhone客户端,1
实在也没什么新闻好发,来自iPhone客户端,1
@豆瓣酱时代 @Train_555 @TT炫童 @斷線的小風箏 @拾一糖糖,来自iPhone客户端,1
@情_敌 @不变的小时光 @爱JJ的熊 @℡Curtain__ @ILoveShane365,来自iPhone客户端,1
@青春是悲剧 @酱油qixian @Chattyforever @喷香槟前喝一口 @kimi的小破裤衩,来自iPhone客户端,1
童年快乐。。,来自iPhone客户端,1
么么哒,来自Android客户端,1
是又要闭关么？,来自iPhone客户端,1
来啦~~~~~~,14楼,1
好久不见，喵,来自Android客户端,1
菌菌好,来自Android客户端,1
我也来,来自Android客户端,1
菌菌。。儿童节快乐啊。。都是大儿童了哦。,25楼,1
好久木有冒泡了,26楼,1
好久都没有见了 最近是不是很忙呀,来自iPhone客户端,1
我来啦，么么哒。。。,来自Android客户端,1
工作忙碌不,2015-5-26 15:12,2
回复 xiao菌菌 ：跟往常一样。你起码很忙吧,2015-5-26 20:25,2
回复 咑k纺蛀 ：我不忙，只是重心转移了,2015-5-28 12:43,2
怕臣妾做不到啊,2015-5-26 15:12,2
你在干嘛每天,2015-5-26 15:13,2
,2015-5-26 15:13,2
马上要中考了吧？,2015-5-26 15:14,2
闭关是个什么情况！,2015-5-26 20:06,2
回复 青春是悲剧 ：就是要有个复习。但是我觉得我做不到,2015-5-28 12:43,2
哎我去。。复习。。这爹坑得。。。加油吧骚年。默默的支持你。,2015-5-28 13:11,2
回复 青春是悲剧 ：有个卵用不如你实际来支持我吧,2015-5-28 15:28,2
"From espn.co.uk – Kimi: “It was all like we expected, absolutely fine. Today was a bit disturbed by weather but it was the same for everybody. I don’t think we got enough running done but I think we are more or less there. There’s still work to be done but it’s Friday so we have to wait and see. The weather is what it is and we expected rain. It meant we had to get certain things done this morning differently because of the rain in the afternoon. We had to shuffle the programme up a little bit.”Ferrari’s lap times were much more favourable in FP2, especially when compared to Mercedes, but when asked whether a genuine challenge is possible on Sunday the Finn replied: “It’s hard to say, we lost a lot of running today because of the weather issues. We try to improve things and see where we are tomorrow and do the best we can.”From ferrari.com – Kimi: “Today everything worked as we expected, we went on with our program trying as always to improve and we are quite happy with the way things worked. The weather was a bit tricky: the rain was expected in the afternoon, then we had to change a bit our program and decided certain things to be done in the morning. It’s hard to say where we are, because we did not get enough running, but it was all fine. It’s only Friday and we have to wait and see. There’s still a lot of work to be done to do well in qualifying, for sure here is easier compared to Monaco, but it will depend on many things, the weather conditions first of all. Tomorrow we’ll see where we are and then we’ll do the best over the weekend.”总结：练习赛进行的还行，天气作祟，测试的计划有些受阻，跑的不够，所以不知道真正的位置是怎样的。排位赛还有很多工作需要做，相比摩纳哥这里略容易些。看今天会怎样。。。。。",1楼,1
顶顶顶,来自Android客户端,1
本周摩纳哥,11楼,1
不错哦，顶,来自Android客户端,1
视频来自：优酷（部分翻译）,1楼,1
记者：今天，我们来玩冰球，seb，你以前玩过吗？Seb：没~从没玩过。记者：你以前玩过吗，kimi？Kimi：啊~是啊，我以前玩过。（开始鼓捣推杆）...come on.......(你别老说这句呗，总感觉后面是get XXX out of the way.......)Seb：1:1记者：OK，你们两位都要回答一个问题.....Kimi：（用非常艹蛋的芬兰式英语问）F1哪条赛道上的grid girls最有魅力？Seb：匈牙利的相当不错。澳大利亚的挺好，西班牙的挺好。记者：蒙特卡洛呢？Seb：哦~蒙特卡洛是我见过最糟糕的......记者：（转向kimi）他们有grid boys......Kimi：哦~我不知道......我从没看过他们。我在太后面的位置，（伸手比划）满眼望去都只有赛车和技师。Seb：是啊~是啊~是啊~Seb：说一下你最喜欢的和最不喜欢的搭讪话（没听清）......Kimi：（摇头）呼~我没有~Seb：是最喜欢的没有还是最不喜欢的没有？Kimi：（继续摇头）我一个也没有~记者：啥？你碰到一个女孩，然后会说......（译者插嘴：爷连昨天的事都忘了~）Seb：（插嘴）你好~Kimi：..........（没听懂什么trying the park）.......come on........（又来这句，接：get XXXout of the way）Seb：Sweden......哎呀（输了）！Kimi：说出你最喜欢我的三个特质。。。。。(笑)嘿嘿~这个有点儿像约会游戏....记者和seb：额呵呵呵~~~~Seb：他很诚实。我觉得我们相敬如宾......他是芬兰人，我喜欢芬兰人。Kimi：谁的时尚品味更好.......?（低头看看自己T恤）看来非常相似啊！Seb：是啊~相同的帽子，相同的T恤！..............Seb继续鼓捣推杆：......NO.......（貌似又没进~）,2楼,1
汤不热上传言：sky“约会游戏”那个采访中关于跟女孩搭讪的话那一段：Seb knows how Kimi approaches girls because “how are you?” Is the first quote Kimi said to himSeb为什么知道Kimi跟女孩搭讪的时候会说“你好。”因为这是kimi第一次跟seb搭讪的时候说的。（无责任流言转载）,4楼,1
马克～,来自Android客户端,1
摩纳哥蒙特卡洛赛道是世界四大知名赛道之一。它以街道为赛道，是F1赛道中最短的一条，拥有F1赛道中最慢的弯角和著名的隧道。同时因为在街道比赛，车队的加油站也很小很窄。该赛道要求驾驶技巧高超，因此这站比赛的冠军也是许多车手梦寐以求的。http://weibo.com/shellinchina?from=feed&loc=nickname,1楼,1
去年的逗比re,来自Android客户端,1
唉回来后在摩纳哥RP就没有好过,来自iPhone客户端,1
阉狗婊孙子@咸鱼超人9  给爷爷跪下,来自Android客户端,1
本周摩纳哥,13楼,1
再顶一轮去睡觉~,16楼,1
想起当年kimi和马萨双双卡在“最慢的弯角”也是醉了,来自手机贴吧,1
,2015-5-18 16:03,2
新浪体育讯　　北京时间6月10日消息，莱科宁认为，F1需要采取一些措施，让这项运动变得更激动人心。莱科宁是F1围场里最受拥护的明星之一，也是年龄最大的车手，他和巴顿、阿隆索都是在本世纪初就加入了F1。　　莱科宁表示，他觉得F1不再像曾经那样让人兴奋，“当我加入F1的时候，对每一个人而言，这项运动都更加令人激动，那真是处于巅峰时刻。”莱科宁在接受法国电视台Canal+’时说道，“过去了很长一点时间，所以你本该期待现在的赛车更快，更激动人心，但明显随着规则的改变，他们尽量让赛车慢下来。我确定必须采取某些措施，让观看F1的人们感到更激动，对他们而言就想看到速度，让比赛危险性稍微高一些，这是比赛的一部分。”　　莱科宁强调，提速不是想看到哪个车手受到伤害，更多就是为了提高比赛的观赏性，让比赛更激动人心。莱科宁长时间的对手，2014年法拉利时的队友阿隆索在摩纳哥大奖赛后也表达了一个观点，与职业生涯开始时的2001年相比，F1赛车不再具有挑战性。　　“我最后感到精神和身体双重挑战是在2005年，赛车快了至少8秒，今年马来西亚大奖赛的冠军，会被2006年的冠军套六次圈，当你一个分站赛快6到7分钟，一圈快7到8秒，精神上身体上都要求更高，10年前每件事都在推向极限。”　　当被问及第二个法拉利生涯有什么感觉时，莱科宁说道：“F1有很多好车队，但法拉利是不一样的。第一年和法拉利一起夺得第一个冠军很棒，之后发生了很多事情，但我现在回到法拉利了。我感到开心，自从我回到法拉利，今年是最好的一年，可能也是我待过的最好的车队，工作的方式，整体的氛围，法拉利就是法拉利，如果你能选择的话，总会选择他的。”,1楼,1
你越这么表白，法家越不把你当回事啊笨蛋,来自Android客户端,1
不走运的Kimi！法拉利赛后调查显示，莱科宁起跑时并没有犯错，是赛车的电子系统出现了故障，发动机ECU的防熄火功能意外启动了。Kimi最终追到了第五名完成比赛。,来自Android客户端,1
法拉利CEO马尔乔内赛后盛赞冰人：“Kimi不太走运，但是他跑了一场很棒的比赛，完成了很棒的反击。我们有两位很棒的车手。”,来自Android客户端,1
有事商量~开私信,来自Android客户端,1
专业对付深夜作死，时差党你值得信赖,来自Android客户端,1
Kimi吧有发帖前缀。。。【】,来自Android客户端,1
到置顶帖去报名 艾特不了你,来自iPhone客户端,1
去报名,来自Android客户端,1
安卓打不出来啊,2015-6-10 1:19,2
已经去了，然并卵,2015-6-10 10:32,2
你这报名的时间正好错开了，再早点好了，现在大吧主加上谁了啊，加你当小吧主喽,2015-6-10 10:34,2
裤衩,2015-6-10 10:35,2
"Stefano Domenicalli:""Kimi doesn’t live in this world, he lives on his own planet.""Kimi Raikkönen:""Life on my own planet is nice. I can’t complain.""多梅尼卡利：“Kimi不是这个世界里的货，他生活在自己的星球上。”Kimi：“我自己的星球上生活很好。我对此无怨无悔。”",1楼,1
我觉得他小时候他爹妈带他去看的医生也说过类似的话，蓝星人太蠢了，莱星人不屑于一般见识,来自Android客户端,1
本周摩纳哥,8楼,1
哈哈哈哈无怨无悔~~~~,16楼,1
镇楼图来自20,来自Android客户端,1
这图真是吓我一跳~,4楼,1
来自po主 anna波罗蜜部长,来自Android客户端,1
来自 anna波罗蜜部长,来自Android客户端,1
这个配图也是,来自Android客户端,1
时间是把杀猪刀,来自Android客户端,1
赛道名称:蒙特卡罗赛道单圈长度:3.340公里比赛方向:顺时针比赛圈数:78比赛距离:260.520公里圈速记录:1分14秒439(2004/舒马赫/法拉利),来自Android客户端,1
比赛时间:周日正赛 2015年5月24日20:00,来自Android客户端,1
赛道介绍：法国的勒芒24小时大赛、美国的印地安那波利斯500大赛、摩纳哥的蒙特卡罗拉力赛、摩纳哥蒙特卡罗F1大奖赛被并称为世界四大知名汽车赛事，而其中在摩纳哥的蒙特卡罗赛道所举办的汽车赛事就占尽了两项，可见蒙特卡罗赛道与赛车运动的渊源之深长。摩纳哥大奖赛是一个具有历史性的赛站，比赛是在封闭的蒙特卡罗的街道上进行的。在过去了的半个世纪以来，这个赛道的模样几乎没有改变过，车手对赛道的评价爱恨参半。但无论怎样，蒙特卡罗的街面赛道仍是F1赛道中最具挑战性的之一。有人曾形容说，开着F1在两边是护栏的蒙特卡罗的街道比赛，就好象如同在客厅中要开直升机一样的困难。也就是说一个小小的错误，就有可能会让车手撞上护栏发生事故。因此只有最顶尖的车手才能在此赛道获得胜利，而车手也以赢取摩纳哥大奖赛冠军杯当作是毕生的愿望。而对于蒙特卡罗的居民来说，最幸福的无疑就是站在自己家的阳台上观看比赛了。　　单圈长度仅3.367公里、整个比赛要进行78圈的摩纳哥大奖赛以赛道狭窄、多弯、超车困难为主要特点，对车手技术提出了更高的要求。每年吸引着全世界最富有的车迷驾着游艇来亲眼目睹世界上最昂贵的车赛。1999年舒马赫在此拿到冠军时平均时速仅147.354公里，1997年他在一场倾盆大雨中第一个驶过终点后平均时速仅106.937公里。车速较慢意味着档位变化较多，车手在这场比赛中平均要换档3000多次。这场比赛对刹车系统和车手对赛车的控制也是巨大的考验。　　“这是一条一点错误都不能有的赛道，”舒马赫指出：“对赛车的调教必须十分小心，以应付赛道的每一种特点。我的经验是稳定性在摩纳哥是最为重要的一个方面。”驾驭马力强大的F1赛车78次穿越狭窄的街道完成这站比赛对车手来说确实是一次充满刺激的挑战。难怪有人将摩纳哥大奖赛称为F1“王冠上的明珠”，在这里夺得冠军的车手无意中也会被车迷们“看高”一个档次。,来自Android客户端,1
在摩纳哥站历史上，最成功的赛车手无疑是有“车神”之称的已故著名车手塞纳。塞纳在这里曾6夺桂冠，是在同一分站取胜最多的纪录，其中更包括了1989年至1993年的五连霸!另一次取胜则是在1987年。1993年塞纳和曼塞尔在终点前的激战是摩纳哥大奖赛的经典镜头之一，结果塞纳以0.215秒的优势领先曼塞尔冲过终点，这也是赛车史上其中一个最小的冠亚军差距。,来自Android客户端,1
历届冠军,来自Android客户端,1
直播地址凹凸文字直播地址：http://live.autosport.com/视频直播地址：http://www.azhibo.com/f1zhibo另外，乐视会全程直播,来自Android客户端,1
本站使用最软两款轮胎,来自Android客户端,1
截止目前各车手动力单元使用情况,来自Android客户端,1
排位赛Kimi第六,来自Android客户端,1
啊啊啊，让我花痴一会儿,来自Android客户端,1
举牌小哥,来自Android客户端,1
胖纸加油！上真爱图,来自Android客户端,1
暖胎开始，lz看的乐视，有延迟见谅哦,来自Android客户端,1
大部分都是超软起步,来自Android客户端,1
除了霍肯伯格，阿隆索，博塔斯是软胎,来自Android客户端,1
马上开始,来自Android客户端,1
还是第六,来自Android客户端,1
霍肯伯格撞车，鼻翼没了,来自Android客户端,1
居然没有安全车,来自Android客户端,1
小胡是和阿隆索有碰撞,来自Android客户端,1
霍肯伯格撞车，但能回到维修区，只有散落鼻翼，所以没有安全车,来自Android客户端,1
汉密尔顿带开了,来自Android客户端,1
霍肯伯格进站换了鼻翼，马萨也进站换前翼，换软胎,来自Android客户端,1
DRS启动，看看有没有机会,来自Android客户端,1
赛道够脏的,来自Android客户端,1
爷和前车距离还有一点，得先追一下,来自Android客户端,1
等吧里有吧务了就把那些贴子删掉吧,1楼,1
http://tieba.baidu.com/p/3568703469,2楼,1
http://tieba.baidu.com/p/3558891987,3楼,1
辛苦了,来自手机贴吧,1
吧主申请全被拒了。度娘他妈的！！,6楼,1
继续顶上,来自Android客户端,1
多谢开这个贴，我已经再次去申请吧主，希望这次能过吧。现在没法删帖，大家最好的办法就是看到广告贴就点举报。度娘应该会先帮忙删除的。,10楼,1
http://tieba.baidu.com/p/3580354822?share=9105广告,来自Android客户端,1
http://tieba.baidu.com/p/3582255855?share=9105&fr=share,来自Android客户端,1
好讨厌的小孩,来自Android客户端,1
http://tieba.baidu.com/p/3600410353?share=9105&fr=share,来自Android客户端,1
http://tieba.baidu.com/p/3600410353,22楼,1
http://tieba.baidu.com/p/3687852673?share=9105,来自Android客户端,1
http://tieba.baidu.com/p/3680954536?share=9105,来自Android客户端,1
http://tieba.baidu.com/p/3680954196?share=9105,来自Android客户端,1
http://tieba.baidu.com/p/3652364571?share=9105,来自Android客户端,1
http://tieba.baidu.com/p/3630006306?share=9105,来自Android客户端,1
http://tieba.baidu.com/p/3693815787?share=9105,来自Android客户端,1
http://tieba.baidu.com/p/3726063851?share=9105,来自Android客户端,1
http://tieba.baidu.com/p/3725913606?share=9105,来自Android客户端,1
http://tieba.baidu.com/p/3735630089?share=9105,来自Android客户端,1
http://tieba.baidu.com/p/3744525885?share=9105,来自Android客户端,1
http://tieba.baidu.com/p/3740609315?share=9105,来自Android客户端,1
请不要顶吧里的垃圾贴，谢谢配合。,来自Android客户端,1
水贴：http://tieba.baidu.com/p/3764044610?share=9105,来自Android客户端,1
http://tieba.baidu.com/p/3765293494,来自iPhone客户端,1
,2015-9-6 22:54,2
直接卧槽了,来自iPhone客户端,1
摩纳哥站来了,来自Android客户端,1
赛道名称:蒙特卡罗赛道单圈长度:3.340公里比赛方向:顺时针比赛圈数:78比赛距离:260.520公里圈速记录:1分14秒439(2004/舒马赫/法拉利),来自Android客户端,1
比赛时间:首次练习 2015年5月21日16:00 - 17:30二次练习 2015年5月21日20:00 - 21:30三次练习 2015年5月23日17:00 - 18:00周六排位 2015年5月23日20:00 - 21:00周日正赛 2015年5月24日20:00,来自Android客户端,1
赛道介绍：法国的勒芒24小时大赛、美国的印地安那波利斯500大赛、摩纳哥的蒙特卡罗拉力赛、摩纳哥蒙特卡罗F1大奖赛被并称为世界四大知名汽车赛事，而其中在摩纳哥的蒙特卡罗赛道所举办的汽车赛事就占尽了两项，可见蒙特卡罗赛道与赛车运动的渊源之深长。摩纳哥大奖赛是一个具有历史性的赛站，比赛是在封闭的蒙特卡罗的街道上进行的。在过去了的半个世纪以来，这个赛道的模样几乎没有改变过，车手对赛道的评价爱恨参半。但无论怎样，蒙特卡罗的街面赛道仍是F1赛道中最具挑战性的之一。有人曾形容说，开着F1在两边是护栏的蒙特卡罗的街道比赛，就好象如同在客厅中要开直升机一样的困难。也就是说一个小小的错误，就有可能会让车手撞上护栏发生事故。因此只有最顶尖的车手才能在此赛道获得胜利，而车手也以赢取摩纳哥大奖赛冠军杯当作是毕生的愿望。而对于蒙特卡罗的居民来说，最幸福的无疑就是站在自己家的阳台上观看比赛了。　　单圈长度仅3.367公里、整个比赛要进行78圈的摩纳哥大奖赛以赛道狭窄、多弯、超车困难为主要特点，对车手技术提出了更高的要求。每年吸引着全世界最富有的车迷驾着游艇来亲眼目睹世界上最昂贵的车赛。1999年舒马赫在此拿到冠军时平均时速仅147.354公里，1997年他在一场倾盆大雨中第一个驶过终点后平均时速仅106.937公里。车速较慢意味着档位变化较多，车手在这场比赛中平均要换档3000多次。这场比赛对刹车系统和车手对赛车的控制也是巨大的考验。　　“这是一条一点错误都不能有的赛道，”舒马赫指出：“对赛车的调教必须十分小心，以应付赛道的每一种特点。我的经验是稳定性在摩纳哥是最为重要的一个方面。”驾驭马力强大的F1赛车78次穿越狭窄的街道完成这站比赛对车手来说确实是一次充满刺激的挑战。难怪有人将摩纳哥大奖赛称为F1“王冠上的明珠”，在这里夺得冠军的车手无意中也会被车迷们“看高”一个档次。,来自Android客户端,1
在摩纳哥站历史上，最成功的赛车手无疑是有“车神”之称的已故著名车手塞纳。塞纳在这里曾6夺桂冠，是在同一分站取胜最多的纪录，其中更包括了1989年至1993年的五连霸!另一次取胜则是在1987年。1993年塞纳和曼塞尔在终点前的激战是摩纳哥大奖赛的经典镜头之一，结果塞纳以0.215秒的优势领先曼塞尔冲过终点，这也是赛车史上其中一个最小的冠亚军差距。,来自Android客户端,1
历届冠军,来自Android客户端,1
截止本站各车手动力单元使用情况,来自Android客户端,1
直播地址凹凸文字直播地址：http://live.autosport.com/视频直播地址：http://www.azhibo.com/f1zhibo另外，乐视会全程直播,来自Android客户端,1
离上次冠军，十年了,来自Android客户端,1
好早啊~,来自Android客户端,1
大赞～,来自Android客户端,1
格罗斯让更换变速箱后退5位发车,来自Android客户端,1
北京时间5月21日下午，2015年F1摩纳哥大奖赛周四第1次练习赛在蒙特卡洛赛道结束。梅赛德斯车队汉密尔顿以1:18.750的成绩拿到单圈最快，红牛二队小维斯塔潘最后时刻跑出飞驰圈，以落后0.149秒的成绩排在第二，红牛车队里卡多落后0.336秒第三。法拉利车队维泰尔与莱科宁分列第四、第八。　　汉密尔顿去年在这里第1次练习的最快成绩是1:18.271，今年相比去年的圈速慢了些，这个成绩是在练习赛中间阶段创造的，但是之后梅赛德斯车队改用了重油进行练习。汉密尔顿的队友罗斯博格在策略下慢了队友汉密尔顿1秒，圈速仅排在第九位。　　在昨晚一夜雨后，今天的蒙特卡洛赛道有些地方还很潮湿，因此本次练习赛很多车手都使用的是中性轮胎。在前30分钟里，车手们的最快圈速仅只有1分22秒多。随着赛道逐渐边干，赛道以及轮胎温度的上升，车手们的圈速也逐步开始提升。　　与去年相比，蒙特卡洛赛道沥青80%都是全新铺的，赛道最低温度只有14摄氏度，因此对刹车以及轮胎来说都是个不小的考验。　　半小时之后，车手们开始使用软胎进行练习，圈速也进入到了1分20秒，梅赛德斯赛车继续占据着圈速榜首的位置。　　法拉利车队维泰尔落后汉密尔顿0.3秒最终拿到了圈速第四，他的队友Kimi-莱科宁比他慢了0.5秒多。　　迈凯轮车队阿隆索1:19.791的成绩差一点儿进入前十，他的这个圈速最终排在第11位，他的英国队友巴顿紧随其后1:20.202位居第12位。,来自Android客户端,1
一练成绩,来自Android客户端,1
二练成绩,来自Android客户端,1
本站使用最软的两款胎，而且超软刚改了配方,来自Android客户端,1
跪求周末别下午,来自Android客户端,1
第三次自由练习赛结束，维特尔1分16秒143，排名第一。Kimi由于撞车，成绩停留在1分17秒301，排名第六。排位赛将在北京时间晚间八点开始！,来自Android客户端,1
排位赛前车能修好吗,26楼,1
攒rp 攒rp 攒rp 攒rp 攒rp,来自Android客户端,1
[cp]#F1##摩纳哥站# Skysports消息，Kimi的变速箱“OK”，可以参加排位赛。[/cp],来自Android客户端,1
KIMI的车可以比赛，Q1刷了第九,来自Android客户端,1
胖纸加油,来自Android客户端,1
目前刷到第五,来自Android客户端,1
博塔斯17。。。,来自Android客户端,1
第一节排位赛结束，nasr，博塔斯，埃里克森，斯蒂文斯，梅里被淘汰,来自Android客户端,1
q2开始,来自Android客户端,1
瓦片开始做成绩,来自Android客户端,1
胖子出来第一圈只有1.20，刚出来大家成绩都一般啊,来自Android客户端,1
瓦片刷到1.16.224,来自Android客户端,1
头哥进不了弯，车停下来了,来自Android客户端,1
胖子慢.83，第三,来自Android客户端,1
胖子这一圈1.16.528，第二,来自Android客户端,1
ros刷到第一，快.7,来自Android客户端,1
胖子现在第四,来自Android客户端,1
基本上就是前四个排列组合了。。今天威廉姆斯和索伯好惨,来自Android客户端,1
现在第五，大家都在赛道上,来自Android客户端,1
ham刷到第二,来自Android客户端,1
罗斯伯格刚刚冲出去了一下,来自Android客户端,1
q2结束，格罗斯让，巴顿，霍肯伯格，马萨，阿隆索被淘汰。,来自Android客户端,1
q3开始,来自Android客户端,1
梅赛德斯两位在做成绩,来自Android客户端,1
大家出来第一圈都在暖胎，所以还是要看第二圈成绩,来自Android客户端,1
ham1.15.304,来自Android客户端,1
ros慢.136,来自Android客户端,1
瓦片第三，慢.545,来自Android客户端,1
胖子只有第一圈成绩，现在进来换胎再出去,来自Android客户端,1
大家都在pit换胎，准备再出去了,来自Android客户端,1
车队告诉佩雷兹没有新胎了，所以不准备出去跑了。。。,来自Android客户端,1
大家基本都只有最后一圈的机会,来自Android客户端,1
胖子现在第五，还有一圈,来自Android客户端,1
ham1.15.098,来自Android客户端,1
胖子最后第六,来自Android客户端,1
ham杆位，ros，瓦片，里卡多，科维亚特，Kimi，佩雷兹,来自Android客户端,1
排位赛成绩,来自Android客户端,1
科维亚特飞行圈的时候挡了胖子吧。。离太近了,来自Android客户端,1
明天加油吧~第六也不算太意料之外,来自Android客户端,1
大家都距离不够，应该算不上阻挡吧,2015-5-23 21:04,2
"Reflecting on why the weekend has proven to be less competitive for Ferrari than in recent races, Raikkonen insists the team can still learn from the issues and come back stronger.当被问到为何法拉利本站（西班牙站）比前几站要缺乏竞争力，Kimi坚称车队仍然从一些问题中学到了很多，并会再次变强。“If you look at the lap times compared to the test and last year it's not so good as like we've seen in the previous races. If we knew it would be easier to fix it or to understand but we really don't know and we tried something different on my car and probably it wasn't ideal but we learn from those things and it can help us for the future.”“如果你将现在的圈速与测试时和去年相比，并不像我们前几站能看到的表现那么好。也许我们知道这些问题如何修复或更好地理解会更好些，但实际上我们不知道，我们在我的赛车上尝试了些不同的套件，可能这样并不理想，但我们从那些套件中学到了些东西，这对我们未来有帮助。”",1楼,1
顶一顶,来自Android客户端,1
加油，喵,来自Android客户端,1
加油！,来自Android客户端,1
不知道摩纳哥会有什么动作呢~,来自Android客户端,1
大家好，我是咸鱼超人9，我是阉狗,来自Android客户端,1
新浪体育讯　　北京时间6月9日消息，芬兰冰人莱科宁告诉法拉利车队，需要全方位提高赛车性能，才能和梅赛德斯竞争。　　本赛季法拉利赛车拥有赛道上第二快的速度，但在莱科宁失控甩尾之后，他们在加拿大大奖赛甚至没能登上领奖台。另一名车手维泰尔因为排位赛的机械故障和受罚，早早注定了无缘前三名，只能为更好的名次和积分而战。　　“我想我们必须实现全方位的提高，实际上赛车已经相当棒。从去年开始我们已经取得了全方位的提高，但我们依然有许多工作要做。”莱科宁说道，“从结果可以看得出，去年以来我们已经走过了很长的路，但还需要走下去。”　　加拿大站法拉利升级引擎的首秀以失望告终，但他们自己并没有太过沮丧，领队阿德里巴贝内强调，表现符合预期，维泰尔从第18位发车一路狂飙，追到了第5，也从一个侧面反映了法拉利赛车的能量。　　对手方面也不敢掉以轻心，汉密尔顿就直言，法拉利并没有发挥出真正的实力。　　下一个分站赛将在奥地利举行。,1楼,1
其实升级之前kimi有一站因为被撞而落到队尾，而且距离队尾有一个大直道的距离，然后他将所有除了seb之前的赛车都超了一边而且某些被他超了两次拿到第四名~阿领队对这种表现是若不见。,来自Android客户端,1
,2015-6-10 7:51,2
猫猫提交一下大吧申请,2015-6-10 9:52,2
新大吧主申请成功人不在线了,2015-6-10 10:22,2
蒙扎正赛倒数7圈，领先第二名瓦特尔近20s的ham被车队要求push。倒数第三圈，ros使用了数站的旧引擎爆掉，遗憾退赛。,来自Android客户端,1
最新消息:赛事干事正在调查梅奔的胎压，两车发车时胎压都低于下限值了,来自Android客户端,1
倍耐力本站有特别要求调高胎压,来自Android客户端,1
汉密尔顿和罗斯博格赛车涉嫌违规被调查。一份来自FIA技术代表的文件称，两位奔驰车手在发车时的轮胎胎压低于规则允许值。,来自Android客户端,1
赛会抽查了法拉利和奔驰的胎压，法拉利符合规定高于规定值，奔驰低于，低的胎压可以获取更多的抓地力获得更快的圈速~这是上一场瓦特尔爆胎后的新规定,来自Android客户端,1
现在流言是说可能会罚时25s，然而ham领先瓦片25.042s。。。难道这就是拼命push的原因?,来自Android客户端,1
可能这是最后大老板满脸严肃要他全力跑的原因,来自iPhone客户端,1
罚25秒就真的是然并卵,来自iPad,1
FIA发布的声明文件，决定不罚的依据是：在对奔驰的两台车进行胎压测试时，加温毯已经断电一段时间，当时轮胎的温度，已经明显低于加温毯的最高允许温度(110度)，所以导致胎压降低。并且当时奔驰的胎温和一同接受检测的法拉利胎温是明显不同的。,来自Android客户端,1
这微妙的感觉,来自Android客户端,1
大妈第三者,来自iPhone客户端,1
7楼才是真实的样子哈哈哈哈哈哈哈哈,来自Android客户端,1
仿佛看到了小kimi长大的样子,来自手机贴吧,1
7楼哈哈哈,来自Android客户端,1
在日本挂有五星红旗的大海报心虚，求多点人。。。,来自iPhone客户端,1
大家互相艾特一下问问吧,来自Android客户端,1
c区看台.,5楼,1
日本站有人么。。？,来自iPhone客户端,1
,2015-9-12 21:11,2
,2015-9-12 21:12,2
穷苦人家去不起,2015-9-12 21:37,2
图片来自：红彗星二号的百度相册图片来自：红彗星二号的百度相册,通过百度相册上传,1
图片来自：红彗星二号的百度相册图片来自：红彗星二号的百度相册,通过百度相册上传,1
今天就先放这些图吧,来自Android客户端,1
强势顶贴！,7楼,1
萌萌的[RELIEVED FACE],14楼,1
图片来自：红彗星二号的百度相册,通过百度相册上传,1
图片来自：红彗星二号的百度相册图片来自：红彗星二号的百度相册图片来自：红彗星二号的百度相册 西装莱,通过百度相册上传,1
图片来自：红彗星二号的百度相册图片来自：红彗星二号的百度相册图片来自：红彗星二号的百度相册 接着上楼,通过百度相册上传,1
今天先放送这些Merry Christmas Mr. Lawrence - 坂本龙一,20楼,1
怎么不动啊囧,来自iPhone客户端,1
今天再放几张动图。,来自Android客户端,1
附上莱科宁吧的链接：http://tieba.baidu.com/p/3493487190?pid=62258040316&cid=#62258040316,26楼,1
好久没来了,来自手机贴吧,1
镇楼图很老了吧,来自Android客户端,1
2015西班牙大奖赛,35楼,1
2015西班牙大奖赛,36楼,1
胖纸！,来自Android客户端,1
这个必须顶,来自iPhone客户端,1
顶一顶,来自Android客户端,1
求视频～求视频～,来自iPhone客户端,1
我的都这种画质。。。实在是心塞,来自iPhone客户端,1
微博上有送机哒 接机应该也有的吧,来自Android客户端,1
都没有嘛,来自iPhone客户端,1
微博莱科宁极地美图有,来自iPhone客户端,1
微博上？我好像都只看见了照片。。你有吗,2015-5-19 17:35,2
你有吗,2015-6-5 15:31,2
Robin的名字在他出生前就已决定，为此kimi和明图想了几个月备了很多选项，在考虑到名字能跟姓般配的同时还要照顾到名字能在国外发音顺口些，最终他们决选了Robin这个。Robin的教父Gino取了second name为Ace，这是随Kiss乐队的一名吉他手Ace Frehley，同时也寄托Aceman能继承Iceman的优良基因的希望。,来自Android客户端,1
黑暗王子阿克曼啊,来自Android客户端,1
王牌肉饼,来自Android客户端,1
ACEMAN,来自Android客户端,1
就是想不到Gino会是教父,来自iPhone客户端,1
那个，Aceman长大后能加入妇联吗,来自Android客户端,1
ACEMAN,来自Android客户端,1
gino啊取什么ace真的好吗，感觉肉饼长大会埋怨他爹啊~,来自Android客户端,1
发音顺口这种事……kr发r音真的没问题吗?,来自Android客户端,1
"Q:""Isn*t it dangerous to drive in the rally finland?""KR:""It*s also dangerous to cross a street but I do it anyway.""问：“芬兰站拉力赛是不是开起来很危险？”KR：“过马路也很危险，但是我无论怎样也得过马路。”",1楼,1
顶一顶～,来自Android客户端,1
顶一顶,来自iPhone客户端,1
这么多贴子放在一起看，真•哲学莱,来自Android客户端,1
我来领我孙子回家,来自Android客户端,1
本周摩纳哥,10楼,1
这是啥时的事?,来自手机贴吧,1
胖子只做自己喜欢的事,来自Android客户端,1
猫猫是37章哦,来自iPhone客户端,1
就是英语说的太差了，不像人家会说“人的价值体现在他追求的梦想”那种心灵鸡汤~,2015-5-18 13:40,2
这样下去明年都不用去上菜了,来自Android客户端,1
节哀顺变,来自手机贴吧,1
1F 谢谢度娘,1楼,1
各位，我终于申请成功了，但是接下来我该怎么做，请各位指导。@芬兰の答案 @跟着KIMI走 @sljwxm @xiao菌菌  如果没有@到  不好意思 我真的不知道该@哪些人我只想留着这个贴吧 请各位给意见 谢谢,2楼,1
恭喜！恭喜！,来自Android客户端,1
恭喜，申请当小吧主~,6楼,1
姑娘麻烦把那些黑辱骂莱 莱迷的帖子 以及那些疯狗清理一下，该10天的别留情，祝贺你真的辛苦你了，这都好几个月没吧主了,7楼,1
楼主，我申请小吧～,来自Android客户端,1
你是最棒的，莱迷粉丝群发来贺电，加油哦！抗战就要胜利了,9楼,1
@安吉199310,11楼,1
看一下右边的吧务中心吧，目前有几位申请吧务的 先通过 他们会操作 赶紧删帖封人,来自iPhone客户端,1
还有楼主请安排每天都有时间的吧务，不要像原来那些吧务一样签到的时间都没有，再被投诉掉就没意思了！,来自iPhone客户端,1
我推荐@ly水冰萱  她负责且有时间 处理速度快！床单快来申请！,来自iPhone客户端,1
我能申请个小吧嘛？,来自Android客户端,1
恭喜楼主～,来自iPhone客户端,1
总算夺回来了~,18楼,1
可以尽快同意小吧主的申请么？好把那些恶心的帖子删掉,19楼,1
恭喜恭喜，顺便申请小吧主~先把乱七八糟的帖删了~,来自Android客户端,1
恢复咱们吧的发帖带前缀【】制度~,来自Android客户端,1
强烈推荐猫猫医生当大权限,来自Android客户端,1
恭喜！,23楼,1
革命终于成功了！,28楼,1
申请小吧~~~,29楼,1
申请权限，大小无所谓（我就不说这是黑衣人里的台词）,30楼,1
恭喜恭喜~,32楼,1
嘤嘤嘤,来自Android客户端,1
不认识楼主,来自Android客户端,1
好激动！撒花啊。。尽快建立吧务团队，那啥小吧那些要满员，总归有一个人有一天时间的。不怕。然后开启疯狂删帖模式。各位辛苦。,35楼,1
我也想申请个小吧,2015-6-9 17:29,2
非常支持你,2015-6-9 17:50,2
不过我的小吧主满了，让给其他人吧，哈哈,2015-6-9 17:33,2
哈哈哈哈，哈哈哈哈，你的鸡鸡呢？哈哈哈，黎狗,2015-6-9 17:46,2
黎国杰，广州鸭，哈哈,2015-6-9 17:47,2
你真被滚犊子回垃圾回收站吧,2015-6-9 17:48,2
非常支持你,2015-6-9 17:50,2
广州鸭，你的蛋蛋不是被战神捏碎了么？哈哈,2015-6-9 18:40,2
反正你这辈子都爽不了啦，啊哈哈哈哈哈,2015-6-9 19:55,2
你的鸡呢？叫张什么的鸡~张勇不是你家鸡的干爹吧,2015-6-9 19:56,2
你的菊花痒了么，我家猪还等着你来好插你的菊花呢,2015-6-9 19:56,2
明明是弄得你妈不要 不要哒,2015-6-9 18:26,2
没关系，其实不删也无所谓，个人觉得。谁没个黑点，没有就证明根本没人关心他。比如你们会去黑阿隆索吗，不是因为他没黑的，而是因为无聊嘛。这些人就是嫉妒莱科宁么。放在那里让大家看到他们的智商下限不也挺好？！,2015-6-9 18:38,2
,2015-6-9 18:51,2
先添加吧务，封删黑子，把置顶帖换一下。,2015-6-9 17:46,2
非常支持你,2015-6-9 17:49,2
彗星很负责且有时间，支持她,2015-6-9 18:34,2
吓得我赶紧来顶了,2015-6-9 20:31,2
,2015-6-9 20:32,2
支持，喵,2015-6-9 20:33,2
么么哒～,2015-6-9 21:29,2
我觉得把大吧填满最保险,2015-6-9 18:19,2
表情错了,2015-6-9 18:19,2
猫猫申请大吧吧,2015-6-9 20:24,2
如果大家同意，我就申请大吧，保证签到不会出问题，赛事新闻资讯提供及时~,2015-6-9 20:26,2
支持，喵,2015-6-9 20:35,2
夺回来了~,2015-6-9 20:40,2
么么哒,2015-6-9 20:42,2
支持猫猫当大吧,2015-6-10 7:46,2
支持猫猫当大吧主，快去申请，你还可以申请库吧的,2015-6-10 10:30,2
恭喜,2015-6-10 8:19,2
对了，貌似可以不止一个大吧的。多来几个。便于管理。,2015-6-10 10:06,2
 是啊 有了大吧 我就可以退了 哈哈哈哈 不过大吧需要自己申请 我这边直接加的只有小吧,2015-6-10 10:07,2
不是可以的么。哈哈。好吧。不过你当大吧也没关系。多来两个更好。总之就是能找到人就好了。你们吧务自己建个群什么的。,2015-6-10 10:12,2
 我是指要你们申请 我才能批 小吧是可以不用申请 就直接加的,2015-6-10 10:28,2
嗯嗯。加油！,2015-6-10 10:30,2
"Q:If you could be any character from any movie, who would you be?KR:Captain Jack Sparrow from the Pirates of the Caribbean. He seems to know how to have a good time. I might need to drink a lot of rum to get into the role! I love movies like this. 问：如果你能够扮演电影中的某个角色，你会选择谁？ KR：《加勒比海盗》里的杰克 斯派洛船长。他似乎在如何开心方面很在行。我可能需要喝很多朗姆酒才能入戏！我喜欢那样类型的电影。（谁来给P一个呀~）",1楼,1
顶猫猫～,来自Android客户端,1
实际上有酒就好,来自iPhone客户端,1
阉狗婊孙子@咸鱼超人9  给爷爷跪下吃屎啦,来自Android客户端,1
我也喜欢jack船长,来自iPhone客户端,1
本周摩纳哥,11楼,1
突然发觉忘了格式,来自Android客户端,1
我也要分,来自iPhone客户端,1
不过还是希望他以后别捡钱~,来自Android客户端,1
"Ferrari chasing a pre-Canadian GP fix for F1 traction problems法拉利想在加拿大站前修复牵引力问题By Lawrence BarrettoMonday, May 18th 2015, 14:05 GMTFerrari boss Maurizio Arrivabene says next month's Canadian Grand Prix will be a particular ""nightmare"" for the Formula 1 team if it can't get on top of its traction problems.法拉利领队阿里巴贝内说，如果车队无法搞定牵引力问题，那么下个月的加拿大站将会是个噩梦。During the Spanish Grand Prix weekend, Sebastian Vettel and Kimi Raikkonen were losing half a second to their Mercedes rivals in the tight third sector, where traction is key.西班牙站周末，seb和kimi在第三计时段相比梅奔损失了0.5秒，这个计时段牵引力是重点。""If you look at the third sector, it's traction sector,"" said Arrivabene.“如果你看第三计时段，这是一个牵引力计时段，”阿里巴贝内说。""If we are not able to solve the problem it can be worse not in Monaco - because in Monaco you have special settings - but in Canada.“如果我们无法解决这个问题，在摩纳哥问题不会太大——因为在摩纳哥你会用特殊设置——但是在加拿大站就糟糕了。”""I don't want to go to Canada with the same problem of traction otherwise it will be a nightmare.""“我不想带着同样的牵引力问题去加拿大，否则那样便是噩梦。”",1楼,1
本周摩纳哥,3楼,1
再次召唤科斯塔,来自Android客户端,1
摩纳哥站~,7楼,1
再顶一轮去睡觉~,13楼,1
牵引力,来自iPhone客户端,1
>_<¦¦¦,来自Android客户端,1
。。。。。。,来自Android客户端,1
拼图kr输惨了~最好是seb帮他拼完的~,来自Android客户端,1
……最后是……,2015-6-10 23:36,2
 啊哈哈哈 13年在上海 车队间的联谊,2015-6-10 23:41,2
,2015-6-10 23:44,2
"From crash.net – Kimi: “Obviously, we try to do our best and see what happens but it’s too early to start [talking about a victory]. Friday is Friday and the race is the race so, while it was a bit better in qualifying, we’re still only third. We’re usually a bit better off in the race, so at least we should be in a better position to go for it, but let’s see what happens. Overall, the weekend has been very good – as smooth as it can be with the conditions we’ve had here. It was a bit disappointing for the team that one car had some issue, but tomorrow is the race and usually we are a bit stronger there. We have to make a good start and go from there and see what comes out, but so far it has been pretty okay. Obviously, it’s not ideal as we want to be in front, but at least it’s better.”From ferrari.com – Kimi: “The car has been feeling good all weekend. We had no problems, apart from the one Sebastian had in qualifying, and everything ran smoothly. We have been making sure that all the small details were correct, we have learned from the past difficult races how small things can make a big change and enable you to get the result you want .We still have some work ahead, obviously we are not happy to finish third in the grid but in the race we’lll try to do better. It’s hard to say what will happen tomorrow but at least we did a better qualifying than normal and we’ll be in a better position for the race. So far it has been ok but tomorrow is the big day. I expect that we can be stronger and challenge for a competitive race . The weather has been tricky these days, so it will be a bit of uncertain tomorrow. Tonight we are going to analyse a lot of data and will try to make the right decisions”.总结：赛车运行顺畅，但我们仍只是排在第三，很难过车队另外一辆赛车出了问题。我们想在前排，现在这样不理想，虽然至少比以前好了一点儿。明天天气变幻莫测是不确定因素。要彻夜分析数据做决定。",1楼,1
sorry，lz排位赛的时候睡过头了，正赛会准时来直播的,来自Android客户端,1
赛道档案:赛道名称:吉尔-维伦纽夫赛道单圈长度:4.361公里比赛方向:顺时针比赛圈数:70比赛距离:305.270公里圈速记录:1:13.622(2004/巴里切罗/法拉利),来自Android客户端,1
比赛时间周日正赛 2015年6月08日02:00,来自Android客户端,1
加拿大吉尔-维伦纽夫赛道拥有长长的直道和局促的弯角，对动力的要求相当高，少不了的还有牵引力和刹车。所以本田和法拉利都在本站前动用了部分 token改进的配额(本田用了2个，法拉利用了3个)。本田方面表示，此前主要是围绕驾驶操控性做文章，但是接下来的三站显然都需要马力上的提升。至于法拉利，虽然使用了token配额，车队倒是还没有确认升级后的pu是不是会在加拿大即告亮相。,来自Android客户端,1
直播地址凹凸文字直播地址：http://live.autosport.com/视频直播地址：http://www.azhibo.com/f1zhibo另外，乐视会全程直播,来自Android客户端,1
排位赛结果，爷第三，队友遭遇故障,来自Android客户端,1
正赛要两点开始，做好熬夜准备啦各位,来自Android客户端,1
好不容易排位第三，胖子在发布会上又是一副没睡醒的样子。。。,来自Android客户端,1
正赛发车顺位，各位，凌晨两点见,12楼,1
攒RP,来自iPhone客户端,1
【F1加拿大站发车顺序】汉密尔顿杆位，莱科宁P3。维泰尔FP3红旗超车，罚退5位P18起步，马克思-维斯塔潘使用第五台ICE罚退10位P19，未参加排位的巴顿更换第五套MGU-H和TC罚退15位，但是因为他的位置无法执行罚退处罚，改为处罚在正赛前3圈驶过维修站。,来自Android客户端,1
暖胎圈开始,来自Android客户端,1
前十均为超软,来自Android客户端,1
后排大部分都是软胎，瓦片是超软,来自Android客户端,1
加油kimi！,来自Android客户端,1
马上发车,来自Android客户端,1
起跑，前三不变,来自Android客户端,1
瓦片上升两位,来自Android客户端,1
。霍肯伯格起跑超过球王,来自Android客户端,1
马萨，瓦片都在连续超车,来自Android客户端,1
第七圈，瓦片进站换软胎,来自Android客户端,1
6.6s。。。法拉利啊,来自Android客户端,1
佩雷兹超过里卡多,来自Android客户端,1
头哥连续被超，现在14,来自Android客户端,1
科维亚特被告知后轮刹车碟温度过高,来自Android客户端,1
爷现在距ros3s,来自Android客户端,1
糟糕的进站后瓦片追上了16位的nasr,来自Android客户端,1
胖子位置不变，瓦片16,来自Android客户端,1
霍肯伯格和球王保持1s左右差距继续斗,来自Android客户端,1
球王进站出来第13,来自Android客户端,1
爷距前车4.1s,来自Android客户端,1
瓦片又赶到头哥身后了,来自Android客户端,1
超过头哥,来自Android客户端,1
瓦片超过维斯塔潘,来自Android客户端,1
ham已经开始套圈巴顿了,来自Android客户端,1
球王超过埃里克森,来自Android客户端,1
lap24，用超软的各位都还没进，前三车速不错,来自Android客户端,1
瓦片现在11，里卡多进站,来自Android客户端,1
佩雷兹pit,来自Android客户端,1
出来15,来自Android客户端,1
爷距前车6.6s,来自Android客户端,1
瓦片10，进入积分区了，准备超球王,来自Android客户端,1
爷进站,来自Android客户端,1
正常的进站，出来第四,来自Android客户端,1
胖子刚刚冲出去，掉到第五,来自Android客户端,1
刚出来后轮抓地力不足,来自Android客户端,1
幸好没意外,来自Android客户端,1
霍肯伯格进站，瓦片到第八,来自Android客户端,1
梅赛德斯pit准备了,来自Android客户端,1
ham进站，出来第二,来自Android客户端,1
ros在外面这一圈冲过头,来自Android客户端,1
刚才胖子的失误让博塔斯给uc了,来自Android客户端,1
现在第四,来自Android客户端,1
ros进站出来第二,来自Android客户端,1
瓦片超过球王，球王直接冲出去了,来自Android客户端,1
换上软胎刚出来大家都有点没进入工作温度，都有点锁死,来自Android客户端,1
科维亚特超过维斯塔潘,来自Android客户端,1
现在前十只有马萨还没进过站,来自Android客户端,1
瓦片再次进站，依旧换软胎，出来第九，这下一跑到底了,来自Android客户端,1
38圈，马萨进站,来自Android客户端,1
出来第九,来自Android客户端,1
马萨是场上软胎跑得最长的，38圈，加上排位赛的那几圈，大概40圈，看来一停还是比较难，大家应该会两停,来自Android客户端,1
里卡多冲出去了又回来了,来自Android客户端,1
哎 那个失误,来自Android客户端,1
爷又进站lap41，换超软,来自Android客户端,1
爷出来还是第四，距博塔斯18s,来自Android客户端,1
胖子开始刷圈了，还是喜欢超软啊，队友喜欢软胎，两个人还真是,来自Android客户端,1
瓦片说没有碰到霍肯伯格,来自Android客户端,1
是霍肯伯格进弯上路肩颠起来,来自Android客户端,1
回放显示没问题,来自Android客户端,1
头哥退赛,来自Android客户端,1
爷现在距前车13s,来自Android客户端,1
瓦片，霍肯伯格事故经过调查，无需处理,来自Android客户端,1
ros刚刚又有失误,来自Android客户端,1
格罗斯让进站，神莲p房手忙脚乱,来自Android客户端,1
格罗斯让套圈马诺发生碰撞，刚好在pit口，两个人就都进来了,来自Android客户端,1
瓦片令人惊讶地上升到第六了,来自Android客户端,1
格罗斯让被罚5s,来自Android客户端,1
一闪而过的Nicholas hoult,来自Android客户端,1
好帅，没截到图,来自Android客户端,1
博塔斯tr被告知速度不错，说Kimi追上博塔斯大概只会在赛后,来自Android客户端,1
瓦片上升到第五，在爷后面12s,来自Android客户端,1
爷这场轮胎状况确实都一般啊,来自Android客户端,1
巴顿退赛,来自Android客户端,1
60圈了,来自Android客户端,1
一辆马诺退赛,来自Android客户端,1
看来就这样了，爷第四，瓦片第五，还有四圈,来自Android客户端,1
比赛结束，汉密尔顿冠军，ros，博塔斯二三，4到10依次是Kimi，瓦片，马萨，球王，霍肯伯格，科维亚特，格罗斯让(但格罗斯让还要加罚5s),来自Android客户端,1
"""I don't know what you guys are doing..."" (FP1)""I have no grip whatsoever. I cannot understand how can it be so difficult..."" (FP2)""Can we DO a lap or not?"" (FP2)""Do you want me to keep doing laps and laps, because I get nothing out of this..."" (FP2)“我不知道你们这些家伙都在干些啥......”（练习赛1）“我怎样都没有抓地力。我不明白怎么这么困难......”（练习赛2）“我们做飞驰圈还是不做？”（练习赛2）“你还想让我继续这样跑圈圈？因为我觉得这样根本没用.....”（练习赛2）",1楼,1
顶一顶,来自Android客户端,1
看了下面的一堆小小志的帖子，感觉要被人家和平演变了的样子。,来自手机贴吧,1
第一眼看到小kimi还以为是……,来自手机贴吧,1
去找肉饼他粑粑了,来自Android客户端,1
再生一个，再一个,来自iPhone客户端,1
那是窝头迷发的,2015-5-19 19:53,2
av画质,来自Android客户端,1
这胖子藏到哪儿去了~,来自Android客户端,1
眼睛花了,来自Android客户端,1
帽子和头盔换的好快,来自Android客户端,1
乃仔细看是不是有个戴帽子的胖纸,2015-5-17 20:04,2
放大图片看呗~,2015-5-17 22:49,2
FP1大家都是在找设定，看看FP2怎么样吧,2楼,1
怎么差这么多。。,4楼,1
lh打了鸡血了，其他不知轮胎一不一样，我没看一练不太清楚,2015-5-21 20:33,2
二练成绩出来没,2015-5-21 23:50,2
"Video - Ferrari's ride-height adjustment system链接中为视频：法拉利车体高速调节系统15 May 2015 FERRARIFerrari's 2015 machine, the SF15-T, boasts plenty of innovative features, among them this new system for altering the car's ride height...法拉利2015年的赛车SF-15T有很多创新元素，其中之一就是车体高度调节系统。http://www.formula1.com/content/fom-website/en/latest/technical/2015/5/video---ferrari-s-ride-height-control-system.html",1楼,1
本周摩纳哥,7楼,1
希望越来越好~,来自Android客户端,1
好帖顶一个,来自Android客户端,1
这个角度看车感脚怪怪的,来自手机贴吧,1
猫还是不遗余力的发帖，这个吧越来越乱七八糟了,来自Android客户端,1
加拿大加油,来自iPhone客户端,1
"[图片]Say what? The best of race radio in Bahrain巴林站精彩无线电：Kimi部分""Come on, blue flags! They just don't want to move, these people!""Kimi Raikkonen does his best impression of a commuter stuck in rush hour traffic as his late-race pursuit of Nico Rosberg is slowed by backmarkers.“赶紧出蓝旗呀！他们根本不想挪窝，那些家伙们！”Kimi在比赛尾声追击罗斯伯格的时候被套圈车影响了速度，这是他对被堵在车流高峰期的最佳吐槽。""Why do you think that the option is better? I can go faster on the prime than these options...""Raikkonen smells a podium at two-thirds distance, and wants to make sure Ferrari call their tyre strategy right.“你为啥觉得软胎好点儿？我用硬胎跑的比那些软胎们更快点儿......”Kimi在赛程2/3的时候嗅到到了领奖台的气味，他想弄清楚法拉利为他们定的轮胎策略是否正确。""So, gap to Kimi is now 8.5..."" (Tony Ross, Rosberg's race engineer)""Just don't tell me the gap anymore..."" (Nico Rosberg)Rosberg, usually keen to know as much information as possible, decides he'd rather not hear how close Raikkonen is to his gearbox in the closing stages of the race...“然后，现在距离Kimi8.5......”（托尼 罗斯，罗斯伯格的比赛工程师）“不要再跟我通报间距了......”（尼克 罗斯伯格）罗斯伯格一般很热衷于得到尽可能多的信息，这次他宁可不要在比赛尾声的时候再听到Kimi离他有多近......""Hey Iceman, you were great, I'm proud of you. Grande Kimi.""Ferrari team principal Maurizio Arrivabene leaves Raikkonen in no doubt as to how pleased he is with the Finn's second place finish.“嗨，闷骚，你太棒了，我为你骄傲。太棒了，Kimi。”法拉利车队领队阿里巴贝内让Kimi 清楚地明白他对于Kimi的第二名有多高兴。",来自iPhone客户端,1
比赛日：3.27-3.29,来自Android客户端,1
先放最新一期F1 Racing～图源见水印,来自Android客户端,1
马来站要不lz你开直播贴?,来自手机贴吧,1
雪邦国际赛道（Sepang International Circuit）是位于马来西亚雪兰莪州雪邦的赛车场，其承办的主要赛事包括一级方程式赛车马来西亚大奖赛、A1大奖赛和世界摩托车锦标赛马来西亚大奖赛等。雪邦赛道以其漂亮的赛车道、维修站、媒体中心和主看台而著名。但是也有人批评其赛道表面凹凸不平，而且赛道有微微下沉之势。这有可能与雪邦赛道是建在沼泽地上的原因有关。赛道是由著名的德国设计师赫尔曼·蒂尔克设计，他后来还设计了上海国际赛车场、巴林国际赛道和伊斯坦布尔赛道。主赛道通常以顺时针方向进行比赛，全长约为5.54公里，以大弯道和宽直道著名。它的赛道布局也很不寻常，有一个非常长的非常紧的发卡弯。此外，雪邦赛道还可以以另外的方式举行比赛。主赛道的北半部能独立使用，顺时针方向，全长2.71公里。它的南半部同样能单独举行比赛，顺时针方向，全长2.61公里。,来自Android客户端,1
正赛的时候我待在外边⊙_⊙没法直播,2015-3-25 19:29,2
Kimi今年荣升奶爸，让我们来看看这幸福的芬兰一家人的名字的含义吧~,1楼,1
"1. kimi在芬兰,KIMI是KIM的芬兰形式.在斯堪的纳维亚，Kim是Joakim的缩写。在法国，德国，波兰，Joakim是Jehoiachin或者Jehoiakim的缩略形式。根据James的福音书旁经，圣Joachim是圣anne的丈夫，也是圣母玛丽亚的父亲。Kimi的意思是：冉冉升起的君主~（kimi是F1世界冠军）要注意的是，kimi并不是英文名，如下图所示《男英文名大全》中，并没有kimi这个名字。",2楼,1
赞一个！,来自Android客户端,1
坐等~,来自Android客户端,1
kimi：使用国：芬兰含义/来历：KIM的昵称链接：http://www.behindthename.com/name/kimi,5楼,1
冉冉升起的君主！！！王者归莱！！！,来自iPhone客户端,1
kimi这名字叫起来很顺口,来自Android客户端,1
2.Räikkönen芬兰人大概过去的二三百年才开始有了姓氏，在此之前，通常都是用父亲的名字加上本人的名字，比如Pekka的儿子Raimo，来称呼一个人。芬兰人现今的姓，大多是以居住的地方的特征来演变过来，比如最常见的姓氏Jarvinen，是小湖的意思，Makinen，是小山，Peltonen是小片的田野。也有以动物作为姓氏的，比如Hevonen，是马的意思。有以个人的特征作为姓氏，比如Poskiparta，是长了络腮胡子的人。据说，Kimi的姓氏Räikkönen是因为kimi的祖先居住于某湖泊、河滩附近而来。,8楼,1
"3.Robin（儿子）Robin was originally a diminutive given name of Robert, derived from the prefix Rob- (hrod, Old Germanic, meaning ""fame""), and the suffix -in (Old French diminutive).肉饼是“罗伯特”的爱称，由字首Rob-（肉-）（hrod，古日耳曼语，含义“名誉”），和后缀-in（-饼）（古代法国的爱称）4.Minttu Virtanen明图 沃泰宁的姓Virtanen 是芬兰最常见的姓氏，相当于在中国姓“王”这么普通，含义是“小溪流”。（大妈明显是亚马逊河好不好）明图，MINTTU在芬兰语中的含义是“薄荷”~（大妈明明是榴莲好不好~）--------------------------------------------------------------------------------------------",9楼,1
等我找找他哥哥拉rami的名字含义~,10楼,1
好好好,来自iPhone客户端,1
"KIMI是Joakim的缩写，意思是“Rising or establishing of the Lord""＿冉冉升起的君主。",来自Android客户端,1
飘满薄荷的小溪,来自Android客户端,1
rami的生日好像也是有名称的诞辰日~具体再找找~,来自Android客户端,1
哈哈哈~~各种id,2015-5-18 15:19,2
你好，我是咸鱼超人9 我是阉狗,2015-5-18 21:24,2
,2015-5-18 20:29,2
表闹，你莱就这口味(&#x0CA5;_&#x0CA5;)偷偷告诉你，肉饼是薄荷馅的,2015-5-18 20:40,2
kr那边用啥做的皮~,2015-5-18 20:52,2
看成包皮也是醉了,2015-5-18 21:38,2
,2015-5-18 21:58,2
,2015-5-19 11:55,2
本周摩纳哥,34楼,1
我莱完美脸蛋,来自iPhone客户端,1
歪头五官放在我莱脸上怎么有点尼扣的感觉了,来自iPhone客户端,1
图片来自：红彗星二号的百度相册视频来自：优酷,通过百度相册上传,1
懒胖子,来自iPhone客户端,1
适合胖子,来自Android客户端,1
为啥是单人床,5楼,1
有张好床是很幸福的~,来自Android客户端,1
比我他他咯,来自Android客户端,1
哎呦不错……,来自Android客户端,1
对于睡神而言，其实床好不好无所谓吧,来自Android客户端,1
还有这种采访,来自iPhone客户端,1
问：为什么与瓦特尔关系那么好？答：跟他说话很轻松，他很诚实自然，以前跟他住的很近，现在也不远。问：会和瓦特尔一起分享冰激凌么？最喜爱哪款冰激凌？答：没有特别喜欢的，其实我没有像大家说的那么喜欢吃冰激凌。车队会准备足够的冰激凌和大家一起分享。via teandkimi,1楼,1
http://ferrari-4me.weebo.it/static/ASK_KIMI-_YT_CONVERSIONE_RL-800_CVJDMJ.mp4?v=8,来自iPhone客户端,1
因为基情,来自Android客户端,1
视频,2015-2-1 11:16,2
那时还没肿,来自WindowsPhone客户端,1
顶一顶,来自Android客户端,1
帮帮嗒,来自iPhone客户端,1
迈队情节,来自iPhone客户端,1
摩纳哥加油~,14楼,1
本周摩纳哥,21楼,1
本周摩纳哥,22楼,1
哈哈哈咳咳,来自WindowsPhone客户端,1
lz，删一下2L吧,来自Android客户端,1
噎死人不尝命,来自iPhone客户端,1
好的                  咳咳,2015-4-16 18:58,2
那你快删啊，还留着干什么,2015-4-16 20:03,2
着什么急  手机又不能删                  咳咳,2015-4-16 21:49,2
额，lz，应该可以删。,2015-4-16 21:52,2
wp的手机好像不可以吧,2015-4-17 0:44,2
我还以为是来捧场的  哎                  咳咳,2015-4-17 8:24,2
是个黑子，楼中楼里还有，也删了呗,2015-4-17 8:38,2
好可爱啊～真的很想我们胖纸哦快快长大呀～～,来自Android客户端,1
好像啊，比某个私生子漂亮百倍。,来自Android客户端,1
金毛狮王是经典,来自Android客户端,1
什么发型都爱,来自Android客户端,1
阉狗孙子回来吃屎,来自Android客户端,1
还是十年前鸡窝头最好看,来自Android客户端,1
问：会续约么？答：问车队吧。问：现任队友怎么样？答：和其他队友没区别。我认为我们是a good pair ！问：对孩子的期许？答：希望他健康快乐。问：还会再要孩子嘛？答：不知道，问妈妈吧。,来自Android客户端,1
棒棒哒,来自Android客户端,1
巴林站表现很重要，加油续约啊,来自Android客户端,1
估计会再要一个,来自iPhone客户端,1
再要一个呗,来自iPhone客户端,1
再造一个娃～～,来自iPhone客户端,1
本周摩纳哥,19楼,1
kimi镇楼,来自iPhone客户端,1
比我老吧,来自iPhone客户端,1
@被你声音打动 @豆瓣酱时代 @孤胆司令 @leonparte @酱油qixian,来自iPhone客户端,1
我又没见过你真人爆个照吧,来自Android客户端,1
比你老多了,来自iPhone客户端,1
这称呼。。为何这么麻烦,7楼,1
绝对比你老,来自iPhone客户端,1
现在看起来感觉好多了,来自Android客户端,1
本周摩纳哥,16楼,1
我也没见过你啊,2015-4-19 15:30,2
所以快爆照，我在莱吧都爆过了,2015-4-19 15:52,2
回复 leonparte ：照片不算，看不出来,2015-4-19 16:52,2
那我们晚上视频,2015-4-19 16:54,2
回复 leonparte ：,2015-4-19 16:58,2
好拉风是吧！,1楼,1
在淘宝店自己设计的吗，想要,来自iPhone客户端,1
楼主我也想要在哪里能买,来自iPhone客户端,1
店铺哪里没你设计的版，能给版我的吗,7楼,1
清晰度不好啊,来自Android客户端,1
目测楼主很漂亮,来自Android客户端,1
厉害~,来自Android客户端,1
背面大赞,来自Android客户端,1
这是什么鬼！！！这人是我啊！！,来自iPhone客户端,1
看到楼上说目测楼主很漂亮我就。。。算了。。,来自iPhone客户端,1
不错哦！,27楼,1
,2015-5-15 8:05,2
第一张也是你？,2015-5-18 10:12,2
回复 ice伊人艺 ：废话，项链和我朋友圈露脸的项链同一条。这件衣服我自己想的，仅此一件好么,2015-5-18 10:16,2
"Q:“Are you ill? Your voice sounds a bit cracked.”KR:“Yes, it does. But not because of vodka.”问：“你生病了吧？声音听起来有点儿怪怪的。”KR：“是的，爷病了。但不是伏特加造成的。”",1楼,1
大赞～,来自Android客户端,1
哈哈哈,来自Android客户端,1
此地无银,来自iPhone客户端,1
此地无银三百两,来自Android客户端,1
阉狗婊孙子@咸鱼超人9  给爷爷跪下吃屎，不然你会死的,来自Android客户端,1
"车迷：MCLARENFAN1968Package maybe better by the numbers in a controlled test environment but on a real track the uncontrollable elements kick in. Their biggest issue is traction. You can have all the power in the world possible but if you cant control the delivery then that power is wasted and the tyres wear out faster. Ferrari are able to close up quickly no doubts about that but after they close up they are unable to punch past the slower car just that easily. Definite lack of traction. The same is true of when Ferrari try to defend the mercs seem to find it easy to follow the dirty air off of the Ferraris, fanboys will say the mercs are so good now at following cars but just ask Hamilton and Nico who always complain of tyres going bunk following the other merc up front and even while following Seb's Ferrari in Spain so the problem is pretty clear, it's poor traction.法拉利的新套件可能在季中可控条件下的测试中表现很好，但在真实的赛道中不可控条件会影响赛车表现。最大的问题是牵引力。你可以让赛车拥有所有最大能力，但如果不能控制这种能力的表现那么就是浪费，轮胎会更快地衰竭。法拉利毫无疑问可以快速提升，但经过提升后他们仍无法轻易地摆脱过去慢车的阴影。牵引力太匮乏。可以看到当法拉利防守梅赛德斯的时候，梅奔很容易在脏气流中跟进法拉利赛车，车迷们会说梅奔现在赛车在跟车方面表现太好了，但你问问汉密尔顿和尼克 罗斯伯格他们一直在抱怨在跟随另一辆梅赛德斯赛车的时候轮胎抓地力变差，即使在西班牙跟随seb的法拉利赛车的时候也存在同样的问题，所以很清楚，牵引力缺乏。Ferrari needs to find out what it takes takes to fix it like fast be it suspension, more changes to aero or the setup of their blown wheels itself. They are squandering that title chance due to traction issues, they are not that far off when we weigh things out overall.法拉利需要尽快找出方案解决牵引力问题，就像解决悬挂问题那样，更多的空气动力学变化或他们吹气轮轴设置。由于牵引力问题他们在浪费争冠的机会，当整体问题解决的时候他们就不会被梅奔甩的那么远了。",1楼,1
顶一顶～,来自Android客户端,1
再顶一轮去睡觉~,5楼,1
牵引力,来自iPhone客户端,1
等问题解决了就没时间争冠了,来自Android客户端,1
可惜科斯塔背黑锅走了,来自Android客户端,1
等问题解决了都退役了,2015-5-21 12:45,2
不要说粗来，就算不退役恐怕也得不到车队支持争夺wdc了,2015-5-21 12:46,2
一楼配图与内容无关,来自Android客户端,1
莱科宁回忆过往：我非常感谢我的父母，他们过去很艰辛。我小时候还不懂，但我知道他们通宵了无数个夜晚，因为我们需要银行贷款好让我们去跑比赛。#人老了#,来自Android客户端,1
你也用成绩回报了 有大房子 有房子里的厕所了,来自iPhone客户端,1
发现我竟然顶过,来自iPhone客户端,1
新赛季希望各位积极来发帖，所以现在征集各站比赛负责直播大楼的楼主。帖子要求如下：标题应能让大家知道是直播贴，基本格式有就好了。内容应尽量包含赛道信息，数据，赛事前瞻，能看直播的视频地址。形式不限。开帖请尽量在周四车手会议前，最晚周六排位赛前需开，这样保证吧友们及时获取看比赛的信息。直播大楼楼主要求：如申请作某站直播楼楼主，请尽量保证能全程直播，如果不能，可以指定某一位或几位吧友帮忙直播，当然大家一起直播积极讨论也可以。希望直播某一站的楼主请在下面对应楼层回复，按回复先后顺序安排，特殊情况可大家商议。,1楼,1
1.澳大利亚 3.13-3.15,2楼,1
2 马来西亚 3.27-3.29,3楼,1
3. 中国 4.10-4.12,4楼,1
4. 巴林 4.17-4.19,5楼,1
5. 西班牙 5.8-5.10,6楼,1
6. 摩纳哥 5.22-5.24,7楼,1
7.加拿大 6.5-6.7,8楼,1
8.奥地利 6.19-6.21,9楼,1
9.英国 7.3-7.5,11楼,1
10.德国（待定）7.17-7.19,12楼,1
11.匈牙利 7.24-7.26,13楼,1
12比利时 8.21-8.23,14楼,1
13.意大利 9.4-9.6,15楼,1
14. 新加坡9.18-9.20,16楼,1
15日本9.25-9.27,17楼,1
16俄罗斯10.9-10.11,18楼,1
17美国10.23-10.25,19楼,1
18.墨西哥10.30-11.1,20楼,1
19巴西11.13-11.15,21楼,1
20.阿布扎比11.27-11.29,22楼,1
各站报名时间截止各站当周周二，大家都积极地来当楼主吧,23楼,1
@xiao菌菌 @℡Curtain__ @翼の伊武深司 @A大丶叔,24楼,1
@豆瓣酱时代 @大战卡斯特罗 @TT炫童 @Train_555 @斷線的小風箏,25楼,1
@Chattyforever @喷香槟前喝一口 @kimi的小破裤衩 @风静絮舞 @忆往昔626,26楼,1
@晴空万里0425 @墨染青夕,27楼,1
只会看不会播,来自Android客户端,1
第九站之后应该都可以,29楼,1
高考以后应该都可以,来自Android客户端,1
顶顶！！直播可能不行我估计我都看不了几场比赛不过吧里有直播一定会来捧场哒~,来自Android客户端,1
巴西丶墨西哥丶美国大概不行,2015-3-3 22:00,2
行啊，以后每一站之后就征集下一站的，到时候欢迎来啊,2015-3-4 22:09,2
可以呀，你直播很不错呀,2015-3-4 22:12,2
顶楼主,来自iPhone客户端,1
...只要不倒时差我倒应该没问题...但是我没直播过,来自Android客户端,1
第一站就我来吧,来自Android客户端,1
以后每站的征集就这里吧,来自iPhone客户端,1
以后每站的征集都在这里，第一站的楼主已经确定啦，后面的站大家随时都可以报名哦,37楼,1
从第八站开始以后的应该可以，但不确定。奥地利到比利时问题不大，后面的要看考啥大学了,来自手机贴吧,1
不过奥地利以后的开帖没问题，毕竟直播不是一两次了，开帖的流程什么的都记住了,来自手机贴吧,1
关于有吧友提到自己不够专业，其实大家都是车迷，也就是看的年份多少的问题，直播大楼的信息可以参考以下网站：新浪赛车（基本信息有，但更新不及时），虎扑赛车（有直播楼，基本信息都有，他们的信息来源主要就是英文的官网，所以准确度没问题，信息也很丰富）英文OK的可以直接看下面几个网站：F1官网（信息准确，全是英文，但都比较简单，大家看懂应该问题不大），autosport（新闻信息较多，比赛时有全程的英文文字直播）,42楼,1
帮顶~ 我可以补充信息 不过实在因为太忙了 很长时间连图片都不更新了~话说 能问一句 为什么大吧没有了吗？@跟着KIMI走  你申请了大吧对吗？,43楼,1
又要把帖子顶上来了，马来站有人直播么,来自手机贴吧,1
我可以直播排位赛，正赛可能没办法，所以还是希望马来站有人来直播，实在不行，我开直播楼，正赛各位帮忙直播一下,来自手机贴吧,1
这站通知晚了，还是我来吧。我先开楼，有吧友愿意接手的话最好了，最近实在太忙。,来自手机贴吧,1
中国站早点通知吧，去不了现场的吧友来当直播楼楼主吧！去了现场没信号也没时间直播啊。,47楼,1
完全可以有你自己的风格！加油！第一站直播主！,2015-3-4 22:04,2
靠你了,2015-3-4 22:02,2
每一站之后就开始准备征集下一站的吧,2015-3-4 22:09,2
我申请四五次都被驳回了。。,2015-3-13 22:27,2
回复 跟着KIMI走 ：我已经试着申请了 希望可以pass,2015-3-16 12:41,2
感觉不会吧 退役后可能会,2015-5-17 21:14,2
不像某些人过生日，许愿要别人的车,2015-5-18 15:16,2
结果是要来了别人的车，可惜,2015-5-18 15:41,2
来了,2015-5-19 22:04,2
"∑(⊙▽⊙""a————呼呼街 新装上市 魅惑众生 卓越品质 卫你而生！",3楼,1
一直都是一个懒货,来自iPhone客户端,1
同意楼上的。,来自手机贴吧,1
新赛季BBC的F1转播计划已经公布。BBC选择了马来西亚、巴林、加拿大、英国、匈牙利、比利时、日本、俄罗斯、巴西和阿布扎比站。SKY宣布不会再直播冬季测试，只会在News频道做实时更新。当然SKY会转播整个赛季。,1楼,1
赞一个哦。,2楼,1
sky比bbc好~,来自Android客户端,1
"Q:""Describe yourself. What are you made of?""KR:""Blood, flesh and bone like everybody else!""问：“描述一下你自己。你是由什么组成的？”KR：“血、肉和骨头，跟别人一样！”",1楼,1
顶一顶,来自Android客户端,1
问：去年的和今年有什么不一样？答：年份。我是记者我也想挪死他,来自Android客户端,1
醉得不行,来自iPhone客户端,1
猫猫，把五楼删掉,来自Android客户端,1
百看不厌,来自Android客户端,1
,2015-5-18 14:26,2
有笑容！！！,来自iPhone客户端,1
难得啊。。。。,11楼,1
海 中国的观众们大家好 还记得我是谁吗？ 对了！ 胖子！,来自iPhone客户端,1
●ｖ●,来自Android客户端,1
早上好,来自iPhone客户端,1
不管怎样，最终能让这么个木头一样的人知道在天朝有他的一群车迷在喜欢他，感到欣慰~,来自Android客户端,1
说实话我都没料到他有注意到天朝的车迷呢~,来自Android客户端,1
每年都要说几句汉语其实也挺累人的~,27楼,1
顺便酸死某些黑,来自Android客户端,1
有说过？,2015-5-18 14:34,2
2012年无懈可击 冠军表现，2014年感谢潍柴动力......,2015-5-18 14:36,2
回复 sljwxm ：这几句很难说吧 可能我没看视频、,2015-5-18 14:37,2
呲牙咧嘴~抓耳挠腮~然后后面的英文突然就感觉变得巨顺溜~,2015-5-18 14:38,2
回复 sljwxm ：12年那个好像看过，闭上眼肯定听不懂,2015-5-18 15:03,2
2002年的昨天，KR进入F1第一次登上领奖台。,来自Android客户端,1
是吗，过得好快,来自iPhone客户端,1
还有蒙蒙的时期,来自iPhone客户端,1
当年好青葱,来自Android客户端,1
从推特上扒下来的～,来自iPhone客户端,1
顶顶 胖纸这么多才多艺,来自Android客户端,1
其实他在弹棉花~,来自Android客户端,1
他真会弹么？没在服役的时侯学么？,来自Android客户端,1
原来他不是音痴？,来自Android客户端,1
文艺范,来自Android客户端,1
请听《卡车司机》，演唱者kimi raikkonen,2015-5-18 6:52,2
"(on his year in the army)（采访问到服役那年）Q:What did you shoot?KR:Nobody so far! 问：你射击过么？KR：目前为止没杀过人。Q:No, I mean what weaponry?KR:We all had AK47s. I’ve actually shot quite a different few types of gun. 问：不，我的意思是用过什么武器？KR：我们都有AK47.实际上我还用过很多不同类型的枪~",1楼,1
顶一顶～,来自Android客户端,1
顶一顶,来自iPhone客户端,1
他会不会哪天手贱想找人试试,来自Android客户端,1
话说胖纸到底知不知道自己这么萌这么搞笑,来自Android客户端,1
没杀过人,来自Android客户端,1
哈哈哈哈哈,来自iPhone客户端,1
本周摩纳哥,13楼,1
哈哈哈,来自Android客户端,1
"Q:""Kimi, how is the cooperation in the Team. Do you get along with everyone?""KR:""Yeah it´s fine. But they have a much harder time with me than with anyone else.""问：“Kimi，跟车队合作得怎么样？和每个人相处得怎样？”KR：“啊，挺好。但是与别人相比，跟我在一起可能会比较辛苦些。”Q:""What do you mean?""KR:""I am a bit lazy sometimes.""问：“啥意思？”KR：“我...有时候...有点儿...懒~”",1楼,1
顶一顶,来自Android客户端,1
只是有点儿？？,来自Android客户端,1
懒得处理关系呗,来自iPhone客户端,1
之前怕你麻烦没时间就默默转你帖子没艾特你,来自iPhone客户端,1
本周摩纳哥,9楼,1
懒~~~~~,12楼,1
够老实的,来自Android客户端,1
哈哈哈,来自Android客户端,1
看一次笑一次,18楼,1
kr宝么？,2015-5-18 19:14,2
回复 sljwxm ：啥，我是宝爷,2015-5-18 19:15,2
哦~我以为是@KR宝  呢~,2015-5-18 19:24,2
回复 sljwxm ：不是，我是潜水党被召唤出来的,2015-5-18 19:26,2
,2015-5-19 17:32,2
头哥此刻的眼神,来自iPhone客户端,1
窝头怨念的眼神,来自Android客户端,1
感觉到森森的怨念。。。,6楼,1
头哥好可怜,来自手机贴吧,1
这是一个悲伤的故事…,来自iPhone客户端,1
头哥内心：“我一定会回来的”,来自Android客户端,1
v4启动对窝头怨能屏蔽中,来自Android客户端,1
头哥又开始蓄须明志了,来自手机贴吧,1
偷偷哥好可怜,来自Android客户端,1
头头哥和小窝窝的感觉果然一样一样,来自Android客户端,1
啦啦啦啦啦啦啦啦啦啦啦啦啦啦啦啦啦,来自Android客户端,1
啦啦啦啦啦啦啦啦啦啦啦啦啦啦啦啦啦,来自Android客户端,1
呵呵呵,来自Android客户端,1
讨论换尿不湿吗,来自iPhone客户端,1
顶一顶,来自Android客户端,1
儿子头有这么大,来自Android客户端,1
大家好，我是咸鱼超人9，我是阉狗,来自Android客户端,1
顶一顶,来自Android客户端,1
本周摩纳哥,14楼,1
占个一楼,来自Android客户端,1
赛道信息中文名称：加泰罗尼亚赛道英文名称：Circuit de Catalunya地理位置：欧洲，西班牙，加泰罗尼亚省，巴塞罗那市所在时区：GMT+1经纬度：南纬41°34′12〃； 东经2°15′40〃建成年代：1991年赛道长度：4.655公里弯道 数：16单圈记录：1分21秒670，基米·莱科宁，法拉利车队，2008 年主要赛事：F1世界一级方程式锦标赛国际摩托车联盟世界摩托车大奖赛GP2 西班牙GT赛德国房车大师赛,来自Android客户端,1
比赛时间:周日正赛 2015年5月10日20:00,来自Android客户端,1
轮胎：在西班牙大奖赛上，倍耐力将带来 P Zero 橙色硬胎和白色中性胎——今年轮胎系列中最硬配方的两款轮胎。加泰罗尼亚赛道素来对轮胎压力较大，且今年的比赛温度也将较高。,来自Android客户端,1
赛事历史加泰罗尼亚赛道于1991年落成，并于当年开始举办一级方程式西班牙大奖赛。赛道建成后，恰逢巴塞罗那于1992年举办夏季奥林匹克运动会，于是这条赛道也被用于奥运会公路自行车计时赛的起点和终点。该赛道不应与坐落于巴塞罗那城内的蒙特惠奇赛道（Montjuïc circuit）混淆，后者在1969年至1975年间承办了四届西班牙大奖赛。这条赛道曾经见证过许多经典的比赛时刻。在1991年西班牙大奖赛上，艾尔顿·塞纳和尼格尔·曼塞尔（Nigel Mansell）为了争夺亚军位置在大直道上进行了激烈拼抢，最终曼塞尔成功地占据了优势位置。在1994年西班牙大奖赛上，迈克尔·舒马赫的赛车遭遇故障，只能挂五个档位，但他最终还是努力保住了第二的位置。在 1996年西班牙大奖赛上，舒马赫在大雨中夺得了他在法拉利车队的首个冠军。1999年西班牙大奖赛则以全场仅发生了一次超车而著称。2001年西班牙大奖赛上，米卡·哈基宁在最后一圈遭遇离合器故障，将冠军拱手送给了舒马赫。在2006年西班牙大奖赛上，费尔南多·阿隆索成为第一个在此主场赛道上夺冠的西班牙车手。2008年西班牙大奖赛上，海基·科瓦莱宁的赛车因为轮辋断裂在9号弯以240 km/h（149 mph）的速度冲出赛道，并以130 km/h（81 mph）的速度撞上轮胎护墙。科瓦莱宁暂时失去了意识并受到了轻微的脑震荡，幸而其身体并无大碍。,来自Android客户端,1
单圈巡视从起点出发后是一段大直道，在这里可以使用DRS。直道尽头是一号弯（Elf弯），这里是加泰罗尼亚赛道的主要超车点之一。一号弯后紧接着是反方向的二号弯，这意味着如果车手在一号弯时占据了弯道外侧，则他会从二号弯的内侧进入。因此车手一般会选择中速策略：在进入一号弯时晚刹车并降至二档，然后以全油门通过二号弯。3号弯（雷诺弯）是一个右转的长弯道，车手在这里会承受大约4个单位的G力，然后经过一段短直道进入4号弯（Repsol弯）。四号弯也是一个右转弯，类似于蒙扎赛道的Parabolica弯，车手需要减速并以三档上到坡顶，然后全速出弯。紧接着就是5号弯（座位弯），这是个左转低速弯，车手以二档过弯并开始下坡。经过并不明显的6号弯，车手又要通过7号和8号的连续弯。车手在这里降档到三档并开始上坡，而如果走线过大，则有可能会被坡顶的路肩擦坏悬挂系统。之后是9号弯（Campsa弯），车手可以以六档高速通过这个右弯。但由于车手的视线会被入弯时的上坡阻挡，因此很容易在出弯时的下坡冲出赛道。此后经过一段长直道，车手来到了10号弯（La Caixa弯），这是一个左转的发卡弯，需要以二档通过。接着又是11号和12号的连续弯道。之后的部分经过德国设计师赫尔曼·提尔克（Hermann Tilke）的改进，提升了安全性，也给车手以更多的超车机会 。13号弯是一个右转的急弯，之后车手马上又要从三档降至二档，以便通过14和15号连续弯。 接着就是维修区外的大直道，在开过直道末端的16号弯（New Holland弯）后，车手就完成了赛事的一圈。【图片】,来自Android客户端,1
直播地址凹凸文字直播地址：http://live.autosport.com/视频直播地址：http://www.azhibo.com/f1zhibo另外，乐视会全程直播,来自Android客户端,1
排位赛第七,来自Android客户端,1
晚上楼主会来直播的,来自Android客户端,1
刚刚结束赛前奏国歌仪式,来自Android客户端,1
比赛快开始了,来自Android客户端,1
正赛新胎剩余,来自Android客户端,1
胖子那个我猜是倍耐力给补的?,来自Android客户端,1
赛道花边:威廉姆斯的博77和女朋友订婚了,来自Android客户端,1
赛前法拉利两位怪蜀黎和小肥缺,来自Android客户端,1
前十全部中性胎起步,来自Android客户端,1
暖胎圈开始了,来自Android客户端,1
哦，是所有人中性胎起步,来自Android客户端,1
今天莱总能拿第几哇,来自Android客户端,1
快开始了,来自Android客户端,1
红灯熄灭，起跑！,来自Android客户端,1
vet超过ham,来自Android客户端,1
小红牛两辆挤着胖子,来自Android客户端,1
胖子外线过掉维斯塔潘,来自Android客户端,1
现在第五，胖子表现出来的信心，气场好棒,来自Android客户端,1
这个发车太漂亮了,来自Android客户端,1
我才暖完胎你都气泡了,2015-5-10 20:04,2
我看的五星,2015-5-10 20:06,2
乐视神坑,2015-5-10 20:09,2
胖子今天发车很不错,来自Android客户端,1
ham开始追近瓦片，梅赛德斯还是快啊,来自Android客户端,1
头哥现在12,来自Android客户端,1
ham距第二的瓦片.6s,来自Android客户端,1
路特斯现在两位都在前十，速度还不错,来自Android客户端,1
球王外线抽头超过维斯塔潘,来自Android客户端,1
ham现在离瓦片又在1s开外了，而ros领先瓦片5s左右,来自Android客户端,1
ham的车队tr说要执行b计划，可能是没有想到被瓦片超越后并未快速反击,来自Android客户端,1
又要赢得一票粉丝咳咳,来自WindowsPhone客户端,1
ham又追进瓦片1s内了,来自Android客户端,1
梅赛德斯还是快啊,来自Android客户端,1
科维亚特，巴顿进站,来自Android客户端,1
格罗斯让失误冲出了一点赛道,来自Android客户端,1
博塔斯车队tr说车胎状况很好，要c计划,来自Android客户端,1
威廉姆斯太逗了，又来忽悠人,来自Android客户端,1
ham进站,来自Android客户端,1
ham进站左后轮问题，5.3s，出站陷入车阵了,来自Android客户端,1
里卡多进站,来自Android客户端,1
会cut么,来自Android客户端,1
瓦片进站，2.3,来自Android客户端,1
瓦片出来在ham之前,来自Android客户端,1
准确说ham的uc失败了,来自Android客户端,1
ros进站,来自Android客户端,1
感觉我莱想过掉博塔斯都很困难,来自Android客户端,1
2.5，正常出来,来自Android客户端,1
博塔斯进站，2.9，出来,来自Android客户端,1
我莱还没进,来自Android客户端,1
我莱两次进,来自Android客户端,1
球王进站，右轮拆不下来。。。唉,来自Android客户端,1
球王到底是什么RP...就跑不了一场干净的比赛,2015-5-10 20:29,2
唉，我都有点同情球王了,2015-5-10 20:31,2
球王右后悬挂有问题，怪不得站内。。。,来自Android客户端,1
现在我莱(0stop)，ros，vet，ham,来自Android客户端,1
我莱进站了,来自Android客户端,1
晚了四圈，换硬胎,来自Android客户端,1
难道我莱这一站又要尝试不同的进展策略,来自Android客户端,1
埃里克森左前轮进站又出问题，今天p区事故不少啊,来自Android客户端,1
ham在准备超vet,来自Android客户端,1
笨池确实快诶,来自Android客户端,1
胖子tr说节奏不错,来自Android客户端,1
胖子这个策略的节奏还是要拼威廉姆斯,来自Android客户端,1
今天发车7到5，接下来节奏就是再次跑长距离，挽回排位赛损失,来自Android客户端,1
小汗有点无力了咳咳,来自WindowsPhone客户端,1
巴塞罗那的赛道特性，还是不太好超的，法拉利弯中整体很不错,来自Android客户端,1
瓦片领先ham1.4s,来自Android客户端,1
球王好牛啊  哈哈哈咳咳,来自WindowsPhone客户端,1
胖子离小胖1s左右,来自Android客户端,1
头哥一停22圈，五圈后再次进站，退赛了,来自Android客户端,1
刹车有问题，进站退赛锁死都又滑了一小段,来自Android客户端,1
巴顿进站出去,来自Android客户端,1
神莲超迈对咳咳,来自WindowsPhone客户端,1
迈凯伦复兴路漫漫,来自Android客户端,1
头哥退赛咳咳,来自WindowsPhone客户端,1
胖子距离博塔斯2s左右，但胖子说硬胎，博塔斯中性胎，所以最后一个stint才是机会，这个stint好好跑就行了,来自Android客户端,1
还剩33圈，ham进站,来自Android客户端,1
3.4s，p区效率,来自Android客户端,1
马萨进站，p区效率也。3.4s,来自Android客户端,1
ham出来落在胖子之后,来自Android客户端,1
ham超过胖子,来自Android客户端,1
新胎和旧胎的差别，胖子做了防守线，但防不住啊,来自Android客户端,1
ham进的太早啊，刷圈是没问题，就是不知道长距离怎么样,来自Android客户端,1
球王后尾翼的端板掉了一边,2015-5-10 20:32,2
ham一圈比瓦片快2.4。。。这新胎的功效,来自Android客户端,1
不过ham很有可能是三停，因为硬胎撑33圈有点不现实,来自Android客户端,1
所以法拉利今天不会针对梅赛德斯进行盯人战术,来自Android客户端,1
大家都是跑自己节奏,来自Android客户端,1
ham又跑到博塔斯后面，同是奔驰引擎，这。。。,来自Android客户端,1
车队tr说博塔斯圈速在掉，胖子在慢慢接近,来自Android客户端,1
ham超过博塔斯,来自Android客户端,1
今天是母亲节，祝世界上所有母亲节日快乐！（当然也包括kimi的老婆哦）,105楼,1
埃里克森大喊撑不住了，车队让再等等,来自Android客户端,1
瓦片进站,来自Android客户端,1
2.2s，法拉利pit,来自Android客户端,1
真是快啊,来自Android客户端,1
格罗斯让进站没刹住，路特斯棒棒糖被撞到跳起来,来自Android客户端,1
胖子上中性胎,来自Android客户端,1
出来第六，今天目标博塔斯,来自Android客户端,1
请问现在kimi的排名,来自Android客户端,1
Kimi现在第六，在两辆威廉姆斯后面，但是中性胎对硬胎，有优势,来自Android客户端,1
cut了博塔斯,来自Android客户端,1
没cut啊,来自Android客户端,1
乐视真神坑,来自Android客户端,1
马萨到底进没进我不确定,来自Android客户端,1
我得理一理顺序,来自Android客户端,1
ros准备进站，我没有看到有镜头给到马萨进站，不过好像是进了,来自Android客户端,1
所以胖子是被马萨uc了?不太明白。。。镜头没照顾到,来自Android客户端,1
ham领先ros2.2，不过ros现在刚刚新胎出来,来自Android客户端,1
笨池故意这样做的,来自Android客户端,1
胖子必须要赶紧过掉马萨,来自Android客户端,1
不好意思，果然不是uc，马萨十几圈硬胎，挡到了Kimi，现在超掉了,来自Android客户端,1
胖子现在开始追击小胖,来自Android客户端,1
马萨现在进站,来自Android客户端,1
胖子离小胖6s,来自Android客户端,1
球王退赛了，刚忘记说了,来自Android客户端,1
ham进站,来自Android客户端,1
出来在瓦片前面,来自Android客户端,1
奔驰一二是没得说了，唉,来自Android客户端,1
胖子离小胖5.1,来自Android客户端,1
法拉利今天究竟是三四带回还是三五带回，就看胖子能不能超过博塔斯了,来自Android客户端,1
现在3.5s，还有12圈,来自Android客户端,1
瓦片说come on，该出蓝旗了，笑死啦，还以为是胖子,来自Android客户端,1
现在实时播报胖子和小胖差距,来自Android客户端,1
2.6s，lap56,来自Android客户端,1
现在单圈快.8左右,来自Android客户端,1
lap57，1.5s,来自Android客户端,1
lap58，0.55,来自Android客户端,1
来了来了,来自Android客户端,1
"加油kimi,拿个第四",来自Android客户端,1
这圈差距保持，跟车还不够，再近一点,来自Android客户端,1
胖子还是超不过啊，不停有慢车，节奏啊完全没有,来自Android客户端,1
最后两圈，难啊,来自Android客户端,1
最后一圈,来自Android客户端,1
ros冲线，冠军,来自Android客户端,1
ham，瓦片，博塔斯，胖子，马萨,来自Android客户端,1
本站头哥，球王退赛,来自Android客户端,1
果然没超过去，胖子这个周末看来很不适应新部件，而且...如果我没记错我莱经常和博塔斯缠斗，但是几乎没怎么过去过，看来小胖挺克老胖的,来自Android客户端,1
法拉利今天也尽力了，维修区真的挺不错，硬胎差奔驰太多，加拿大再战。,来自Android客户端,1
辛苦啦,来自Android客户端,1
第五名差评！,来自iPhone客户端,1
头像是酥皮鸭？,2015-5-10 21:35,2
亚特兰蒂斯，俗名奶油黄桃,2015-5-10 21:36,2
好漂亮，你养了很多肉么,2015-5-10 21:40,2
嗯，呵呵，我是多肉控,2015-5-10 23:21,2
是不是轮胎换早了  追上了  也无力了                  咳咳,2015-5-11 8:42,2
可是换太晚，浪费的时间也越多，还是这条赛道的特性，法拉利s3还是慢了一些,2015-5-11 8:44,2
结婚照镇楼,来自Android客户端,1
Kimi第一次去英国跟老吸血鬼见面会谈，是开着车队经理前妻的旧货车从荷兰非法越境到法国赶火车。边境上的大叔，看了他的驾照又看了看荷兰牌照的破货车，说:就你的身份以及你开的车，我实在找不出放你过去的理由。然后他和同行的技师就掉头回去研究地图，最后Kimi找到了一条野路绕过边防哨穿过了边境。,来自Android客户端,1
小时候开卡丁车，参赛选手里面有个小姑娘，Kimi赛前信誓旦旦的说“爷要是输给她从此就不开车了！”结果Kimi输了，他爸兴高采烈地去感谢那小姑娘替莱科宁家省下一大笔钱。。。,来自Android客户端,1
Kimi参加第一场方程式，跑在不错的位置，有个失误滑出赛道了，他想开车穿过路边做为护墙的干草垛返回赛道，但是他不知道由于夜间下雨干草垛非常硬，于是毅然决然地撞毁了赛车，然后毅然决然地返回p房大哭。。。,来自Android客户端,1
结婚照！！,5楼,1
kimi加入迈凯伦后，丹尼斯发现他招进车队的菜鸟不知道什么时候染上了一个恶习:从二楼的阳台往游泳池里跳。,来自Android客户端,1
跑WRC的车手一般集体住在比赛地附近的小旅店，早上一起坐大巴去比赛。Kimi总是起床最晚。有一次，其他车手在大巴里等得不耐烦了，议论纷纷说“让他自己再找辆车吧，我们先走。”“让大巴再回来接他一趟。”马克蜀黍则七窍生烟地在服务台往Kimi的房间打电话。大概过了半个小时，Kimi喝着咖啡慢悠悠地走下楼，坐进大巴后他说:“这个旅店太舒适了，我只是想多待一会儿。”其他车手:/发怒/发怒/发怒勒布说:Kimi在WRC真是太好了，以前我才是最爱迟到的那个～,来自Android客户端,1
Kimi小时候在某队打过冰球，他当时是队里最小的男孩。不过他打起冰球来非常勇猛而且不好对付。当他碰到怎样都无法搞定的对手时，最后就会使出杀手锏“抱大腿”。这让教练有些纠结，所以如果对手过于魁梧，他会禁止Kimi上场比赛…,来自Android客户端,1
基友们说Kimi逢赌必输，不管你跟他赌什么他都会输的很惨，所以他才基本没怎么去过赌场。已知的败绩有:1做土豆泥不削皮前传:Kimi做土豆泥不削皮被人熟知，而他为啥要做土豆泥,来自Android客户端,1
"1 kimi这个名字在芬兰语中是什么意思呢？？？        作者： BUNNYJUNWEN     封  2006-8-29 14:47 　 回复此发言   删除   -------------------------------------------------------------------------------- 共有贴子数1篇",1楼,1
楼上的~~~你什么意思？�,3楼,1
"么事~~2楼的是精神病院出来的~~~~ 不要介意~~疯子嘛！ 2楼的病人你说是吧！！",4楼,1
"汗~~~~你去论坛联系一下""一级米饭""她有个芬兰朋友还帮亲亲们翻译过报纸�",5楼,1
"2nd Floor:218.83.179U too!!!!Such a idiot....i bet u dont know what i scolded about....JERK!",6楼,1
"偶就是一级米饭～～KIMI是Joakim的缩写，意思是“Rising or establishing of the Lord""",7楼,1
"拜托再解释下Rising or establishing of the Lord偶岁数小看不�",8楼,1
飘~~~~~~~~~~~~~~~~~~~~`,9楼,1
"统治者的建立(形成) 那个rising貌似还有""有前途的""这种解释 不愧是偶们的kimi",10楼,1
记得上次看一本介绍芬兰的书，看到芬兰有个地区叫KEMI…………和KIMI………�,11楼,1
"kimi是kim的变形...似乎好像在什么语里面kimi是骄傲的意思~~~",12楼,1
"总之这个名字是很有潜力的啊而ｋｉｍｉ是很有前途的",13楼,1
